label,start_sec,pe,wpe,mpe_tau1,mpe_tau2,mpe_tau3,mpe_tau4
0,0.0,0.7908801960339672,0.48283176251470605,0.7908801960339672,0.704095478071139,0.6067171607700829,0.6047290174602317
0,5.0,0.7820268100376669,0.4755891878187052,0.7820268100376669,0.695480822502205,0.597217101540802,0.5838895217854587
0,10.0,0.7834776253253712,0.5027708486731834,0.7834776253253712,0.6859176906423785,0.5858409039729661,0.5650134953166672
0,15.0,0.7476317681567377,0.4698343129205726,0.7476317681567377,0.6388840300501095,0.5371605061582189,0.5027485793924915
0,20.0,0.7526849575201637,0.4759917268086024,0.7526849575201637,0.6331781304905343,0.5295932123870354,0.506216897825278
0,25.0,0.703225276714851,0.4240010518067977,0.703225276714851,0.58725578702725,0.5088164495240647,0.49548166440200353
0,30.0,0.703636544024053,0.4302803686999581,0.703636544024053,0.5812115923106981,0.5068018543929899,0.4906891102834078
0,35.0,0.6918902893932627,0.4161209378017074,0.6918902893932627,0.5603351142862916,0.49360709969239064,0.4851697918168265
0,40.0,0.7166320732383265,0.4296576312671735,0.7166320732383265,0.5945719816008783,0.5101151794273205,0.5135384394754163
0,45.0,0.7623656091897085,0.48270646259424577,0.7623656091897085,0.6334128613316168,0.5409399883500033,0.5485355750604621
0,50.0,0.765197825537387,0.475840478673748,0.765197825537387,0.6605927162934395,0.5705343389463733,0.5752571933626633
0,55.0,0.7944335446281313,0.5409349246585834,0.7944335446281313,0.6818648625017375,0.5812298205155038,0.586040043299611
0,60.0,0.8023301898438905,0.5526599140763819,0.8023301898438905,0.6963670215006909,0.5828045404472336,0.5771916284777481
0,65.0,0.8043920884670993,0.5728893133768087,0.8043920884670993,0.7052716868518017,0.5946151696311776,0.5864764097464412
0,70.0,0.7838132627471502,0.5592039038303309,0.7838132627471502,0.693211751938525,0.6057509842119513,0.5815422132193763
0,75.0,0.8039538710601201,0.5692200646947946,0.8039538710601201,0.7273437517644398,0.6378395653443203,0.611897805807144
0,80.0,0.8195534529194521,0.5775368087716466,0.8195534529194521,0.7435098995475894,0.6514617478054057,0.6369671019605901
0,85.0,0.8025935355633234,0.5586383786842154,0.8025935355633234,0.7359128029599606,0.6626460618691131,0.6369930158940779
0,90.0,0.7732476113181687,0.5202008569782125,0.7732476113181687,0.6932282347217094,0.6313939722685789,0.6196185034395046
0,95.0,0.7680120736760416,0.515016347006173,0.7680120736760416,0.682543973450126,0.613364775172167,0.5974157942081358
0,100.0,0.7937733604848015,0.5375005685635394,0.7937733604848015,0.6983838199446609,0.6022508626758715,0.5918192934364684
0,105.0,0.7219569258696307,0.4281173594762208,0.7219569258696307,0.6197443269064951,0.5467950259435229,0.5456457377626129
0,110.0,0.6802365795861247,0.4131906476043557,0.6802365795861247,0.5717359077108496,0.4940804833576458,0.47918224170889323
0,115.0,0.7003830994394424,0.41578002636806066,0.7003830994394424,0.5940998339836061,0.5201912829094242,0.5084142539085906
0,120.0,0.7367313942187783,0.4344036992430443,0.7367313942187783,0.6424881701903523,0.5575598854297663,0.5456666102666661
0,125.0,0.7615742275745357,0.4441161426341614,0.7615742275745357,0.6722770605228875,0.6018455341571002,0.590498636091494
0,130.0,0.7260353400116832,0.41910709186844003,0.7260353400116832,0.6383378263867286,0.5886504288841325,0.5827440896156468
0,135.0,0.7627717358909814,0.5125820565304963,0.7627717358909814,0.6687369630873337,0.6067047355980627,0.5964981012720773
0,140.0,0.7865214331895255,0.544360865120025,0.7865214331895255,0.6773198084425414,0.5964390800938764,0.5933004737373573
0,145.0,0.7528830453340293,0.45881501031432914,0.7528830453340293,0.6482292575133265,0.5563914067714144,0.5520974446271126
0,150.0,0.7101422758515439,0.42862773973704654,0.7101422758515439,0.5926673893606251,0.5170927394815353,0.5119386599133966
0,155.0,0.7158389130161618,0.43479161708483316,0.7158389130161618,0.5990615343454793,0.49909835193989616,0.49775869741945367
0,160.0,0.7129055669328911,0.42582504135493143,0.7129055669328911,0.5963825085516363,0.4923905262855978,0.48632761387734014
0,165.0,0.6821831304701507,0.39435010013831434,0.6821831304701507,0.5713554287795573,0.46937444872679507,0.46424432330353427
0,170.0,0.7159881992364888,0.4026087583485514,0.7159881992364888,0.6267135121974119,0.54504151961932,0.5357639879964252
0,175.0,0.7319850511214735,0.40571266789694665,0.7319850511214735,0.637264833825866,0.548593839774829,0.5393179445673537
0,180.0,0.7191361060759336,0.37461887764133933,0.7191361060759336,0.6391420552004875,0.5506448199199533,0.5378326362943474
0,185.0,0.6936879385731458,0.36982961007105325,0.6936879385731458,0.6202536194340158,0.5366221075320537,0.5185961950896091
0,190.0,0.6995227429252955,0.3651789321973049,0.6995227429252955,0.6284362626935401,0.5450436370510567,0.523102631557855
0,195.0,0.7370692401202493,0.3911632143563325,0.7370692401202493,0.6740105316163647,0.5751951307766375,0.5396495904071406
0,200.0,0.6716007692765195,0.3634621302007368,0.6716007692765195,0.5964815187302668,0.4965502378172832,0.45667800169756034
0,205.0,0.6714938716160349,0.3823633057558353,0.6714938716160349,0.5933911097072199,0.48839577506915205,0.445444111021759
0,210.0,0.6879377983351759,0.41714558387753986,0.6879377983351759,0.6010103990923394,0.4973534532976722,0.4559755793058558
0,215.0,0.6813916024895458,0.3990986152841833,0.6813916024895458,0.6043170266017266,0.5090978868222561,0.4571309434257764
0,220.0,0.7321487494011871,0.44113415845395487,0.7321487494011871,0.6547205323855404,0.5433440552155824,0.5003401065008406
0,225.0,0.7183391333747927,0.44074135167717693,0.7183391333747927,0.6290739754019317,0.5289915103270584,0.4956702464041049
0,230.0,0.7349998693571645,0.46170205649479606,0.7349998693571645,0.6459573185347183,0.5633143106921329,0.5284485373762982
0,235.0,0.737695346484607,0.4496160781935138,0.737695346484607,0.6540958912688782,0.5765950935044603,0.550684326734925
0,240.0,0.7426391420914892,0.4654793499642013,0.7426391420914892,0.6494788680927965,0.5758031984614634,0.5503714426642969
0,245.0,0.7211066946798834,0.43123280936730507,0.7211066946798834,0.6019401111243833,0.5286992235666224,0.5161275369555215
0,250.0,0.6852588436951015,0.3980427159884882,0.6852588436951015,0.5715775901206258,0.5006109937641569,0.49595869434668627
0,255.0,0.6692595910610858,0.38914840269338435,0.6692595910610858,0.5479519478011764,0.47244969016557015,0.47243743761441287
0,260.0,0.6668626653907382,0.3854684813400844,0.6668626653907382,0.55559068421373,0.47589642478751476,0.481073636098886
0,265.0,0.6986513619128305,0.4130729127672054,0.6986513619128305,0.5879807873566918,0.4845219532381215,0.4950584456903737
0,270.0,0.663943725156568,0.33826257802571413,0.663943725156568,0.5666132657196138,0.4613623500503337,0.4785819877984924
0,275.0,0.6834005203609785,0.342945240949284,0.6834005203609785,0.5896759729999698,0.4782003028228348,0.4886810502044274
0,280.0,0.6862482085824919,0.3482382545750815,0.6862482085824919,0.5988043345459916,0.4900287338264987,0.49508600063809166
0,285.0,0.7173293739399588,0.3552925967558315,0.7173293739399588,0.6298290805333947,0.5307073511003733,0.5254308454209068
0,290.0,0.7659615819574769,0.3653908010414818,0.7659615819574769,0.6795826143073213,0.5580668545786966,0.5566858158451623
0,295.0,0.7501657258443661,0.3684630501570692,0.7501657258443661,0.6656088562874645,0.5688388462397612,0.5524939068038143
0,300.0,0.7792850267145892,0.46099670768962003,0.7792850267145892,0.6885747467146545,0.5780237325989462,0.55770014581242
0,305.0,0.7795175926891147,0.46531510835300166,0.7795175926891147,0.6938323505445871,0.5956846196516139,0.5763524554504903
0,310.0,0.7601507308510957,0.47751639901302884,0.7601507308510957,0.6634856602238289,0.5728172732343367,0.5527469934287519
0,315.0,0.7145243057060762,0.422288701017576,0.7145243057060762,0.6140771334697093,0.5157140459160906,0.5023133394264593
0,320.0,0.645547352866227,0.3924369740545355,0.645547352866227,0.5367611215121765,0.4652178819249808,0.45312844764032134
0,325.0,0.6711845179695922,0.40200597787994363,0.6711845179695922,0.5626878144936523,0.47501453763761015,0.46939431898484346
0,330.0,0.6854491828653021,0.4284148692350993,0.6854491828653021,0.5628060163661474,0.4759769224776584,0.4731939866355009
0,335.0,0.7422398322224121,0.48310020164329603,0.7422398322224121,0.6032371975704647,0.4959621668033677,0.4782425189080028
0,340.0,0.7604035914268391,0.49585069199026377,0.7604035914268391,0.6233448560516714,0.5102247972893827,0.4841081149613528
0,345.0,0.8049462123643394,0.5565255071569909,0.8049462123643394,0.6767881723169652,0.547248958021926,0.5163861741449487
0,350.0,0.8235959943098621,0.5767091705182193,0.8235959943098621,0.6927981576746278,0.5567469123378068,0.5224034643195081
0,355.0,0.8112706625756828,0.5576718040608645,0.8112706625756828,0.6665180062697302,0.5440782715168611,0.5012609860573521
0,360.0,0.8029021670599411,0.5288587459605241,0.8029021670599411,0.6557025253241721,0.5405366663692343,0.4999304442564493
0,365.0,0.7602885283265046,0.479865986380713,0.7602885283265046,0.6185736221318798,0.5041475042646478,0.4791062543698984
0,370.0,0.7662303610355747,0.47838009112377694,0.7662303610355747,0.6304660727624934,0.5143702965011674,0.49347764882111683
0,375.0,0.7396498753461997,0.4673301672894401,0.7396498753461997,0.5936404416019013,0.49953191384213896,0.4857748248037251
0,380.0,0.7784883785348355,0.48948117080327147,0.7784883785348355,0.6548539054914384,0.5624021586224405,0.5454374711567922
0,385.0,0.7925376898636795,0.5049098616149125,0.7925376898636795,0.6866815753725608,0.5823537770647066,0.5581328435126944
0,390.0,0.7927740424361905,0.5358275861120908,0.7927740424361905,0.7006980545512899,0.5964274480002496,0.5612009593007843
0,395.0,0.822546052746437,0.5979115282729948,0.822546052746437,0.7383798846386407,0.6227928243622995,0.590434282273817
0,400.0,0.8187404437972664,0.5954476750681601,0.8187404437972664,0.7387156288643051,0.619071922066401,0.5794174092621969
0,405.0,0.8363210484692971,0.6283725399468559,0.8363210484692971,0.7647914360387266,0.6361827960551688,0.5936042256272078
0,410.0,0.8275616741964166,0.6263889062943373,0.8275616741964166,0.7344118703572914,0.5962262370243635,0.5438427575871941
0,415.0,0.8139195171761777,0.6226466982911653,0.8139195171761777,0.7022116891423852,0.5567492023729502,0.5201269032597948
0,420.0,0.8414278903972349,0.660580517425805,0.8414278903972349,0.7432948559734022,0.5907468633665318,0.5660229573964578
0,425.0,0.8102016228347503,0.626098634530675,0.8102016228347503,0.7041536593612262,0.5593102481247555,0.5161970311146615
0,430.0,0.8279654349865364,0.6484388161500773,0.8279654349865364,0.7264991172843818,0.5925985923283933,0.5445378102574187
0,435.0,0.8278289787631979,0.6500441927482331,0.8278289787631979,0.7325757834056045,0.6051153201498843,0.562442095532743
0,440.0,0.8184771150995402,0.6209692952171803,0.8184771150995402,0.7324287635107881,0.6091460854234564,0.5752900020351576
0,445.0,0.8110167358301711,0.602057317952197,0.8110167358301711,0.7232924268662575,0.6119223535890724,0.579725443793791
0,450.0,0.776952524670466,0.5384771978932337,0.776952524670466,0.691334940714273,0.5842893512117138,0.5529913781792665
0,455.0,0.7657967257970464,0.47195235659807216,0.7657967257970464,0.6783146826652849,0.5806409505973401,0.5714067057731663
0,460.0,0.7464084702603218,0.4516741742642222,0.7464084702603218,0.6575073898204331,0.5484148100303992,0.5531666525720997
0,465.0,0.7112979798697102,0.44550178832784987,0.7112979798697102,0.6016913171014634,0.4881976501902389,0.4858338406672474
0,470.0,0.6733806782069084,0.4091465115323135,0.6733806782069084,0.5505260250942473,0.44832123315490857,0.4510318590074394
0,475.0,0.6547527946782226,0.3905792580608417,0.6547527946782226,0.5511489436174102,0.4550602307183528,0.4562520335774592
0,480.0,0.6831547609119688,0.40372630676504984,0.6831547609119688,0.583458603888205,0.489524360677778,0.47852682904318217
0,485.0,0.700515608241903,0.4253184583331271,0.700515608241903,0.6045132343597599,0.5092176676427209,0.4847745710950914
0,490.0,0.7073165099192188,0.4456838171399974,0.7073165099192188,0.6097990070900354,0.5271759298563456,0.5028030921146888
0,495.0,0.7531156443021788,0.45272051433836047,0.7531156443021788,0.6690013801327793,0.5856611552507357,0.5567662019532328
0,500.0,0.7612959046036509,0.46127988096680445,0.7612959046036509,0.6788755103428837,0.5942426476510181,0.5743466259347695
0,505.0,0.7969435892827503,0.5053181184017674,0.7969435892827503,0.7234357392881876,0.6471934979493369,0.6083193064019116
0,510.0,0.8232093281752724,0.5229288520132798,0.8232093281752724,0.7477695609337739,0.6759548123321136,0.6408554453144578
0,515.0,0.8091720360902288,0.5258022489616725,0.8091720360902288,0.7253568388066443,0.6505694115292195,0.6240356594320715
0,520.0,0.8178683776624014,0.5364026951558978,0.8178683776624014,0.7288329237443136,0.6415846272969866,0.6193856014703121
0,525.0,0.8203063955595165,0.5328587359171891,0.8203063955595165,0.7512213817843598,0.6738982809220972,0.6541006654074669
0,530.0,0.8278912576132377,0.5685240362799004,0.8278912576132377,0.7554559459936424,0.6657020241321315,0.6417133952448291
0,535.0,0.8005347465444808,0.5330316358177671,0.8005347465444808,0.7054481576489643,0.6086615246634342,0.6064719191117407
0,540.0,0.7723303533466058,0.5134071497573797,0.7723303533466058,0.67072507992903,0.5543102387038022,0.5531406800857288
0,545.0,0.8022354936326478,0.5411809127486843,0.8022354936326478,0.7015096888731067,0.5830673534208114,0.5688065070443727
0,550.0,0.8358094093274328,0.5755943625660769,0.8358094093274328,0.7403189448362577,0.6267560364790693,0.5986125286518748
0,555.0,0.8278858882869119,0.5694369636856836,0.8278858882869119,0.7210275567214802,0.6021388941092988,0.5693630066419841
0,560.0,0.8286235069820772,0.5786175154547124,0.8286235069820772,0.7233520450671811,0.6160893044534378,0.5900484499133604
0,565.0,0.824344289115864,0.5385582035746431,0.824344289115864,0.7229789107160638,0.617424012652414,0.584433291393264
0,570.0,0.7889087718951893,0.43562179201172374,0.7889087718951893,0.6852852760234905,0.5971605609858867,0.5617975877649778
0,575.0,0.7989645603180017,0.4620516675999172,0.7989645603180017,0.6796852112490902,0.5968657249477461,0.5523382965991634
0,580.0,0.8097310502449474,0.48780798920322443,0.8097310502449474,0.6742089822757138,0.5764546139504385,0.5564743232861361
0,585.0,0.8002532793743405,0.4846150779878837,0.8002532793743405,0.6557266145067566,0.557470752982814,0.5364694560450527
0,590.0,0.7798693687875033,0.44954940384106645,0.7798693687875033,0.6358629968026218,0.5320567439852539,0.49831039038518465
0,595.0,0.7916567138321309,0.45972040528682806,0.7916567138321309,0.6660839877711242,0.5585941664239245,0.5334371218695082
0,600.0,0.8074473267705585,0.5238586160078121,0.8074473267705585,0.6754955477293877,0.5649549984885662,0.5404977966980997
0,605.0,0.7702624987143808,0.46747235300471235,0.7702624987143808,0.6579507174822188,0.55329524204277,0.5414356845260102
0,610.0,0.7319708776151549,0.4267158756492316,0.7319708776151549,0.6431324462768797,0.5597308812558361,0.5316590117621233
0,615.0,0.7099099892502455,0.40017215498323494,0.7099099892502455,0.6168879740017584,0.5400358489021595,0.519874044810611
0,620.0,0.7252507203960942,0.43306815118541486,0.7252507203960942,0.6221303720214733,0.5308776585709727,0.5177575206743735
0,625.0,0.7198721668531773,0.44746193570442133,0.7198721668531773,0.5988789826487382,0.5010818702274389,0.4845777198339923
0,630.0,0.748849077563018,0.4811265672708368,0.748849077563018,0.6464606739829127,0.5523079703659178,0.5205683406741094
0,635.0,0.7289023071792252,0.44857598191354525,0.7289023071792252,0.620305796007693,0.5269803351719254,0.4974918596363122
0,640.0,0.7523086624561771,0.4781145165627863,0.7523086624561771,0.6289493763974708,0.5318690670441649,0.5026848769383576
0,645.0,0.7817351496676817,0.5136267526300284,0.7817351496676817,0.6587714271899016,0.5689512319902851,0.5332312621194368
0,650.0,0.7847745540984177,0.5390736002886929,0.7847745540984177,0.6557193609976533,0.5701301712735012,0.527242014681473
0,655.0,0.8261830852719033,0.5662739124180366,0.8261830852719033,0.7062969811229709,0.6120596616806325,0.5781179480276176
0,660.0,0.8309583906910473,0.5742616165765674,0.8309583906910473,0.7100675628539399,0.6036426877664766,0.5853067462377034
0,665.0,0.8585334429178938,0.6517379864389556,0.8585334429178938,0.7392134548871856,0.6386750867377585,0.6285276890953198
0,670.0,0.7977080497808875,0.5088472004102457,0.7977080497808875,0.6911773289186787,0.5994160395448446,0.5946891030849095
0,675.0,0.8022492323965159,0.5141129363081646,0.8022492323965159,0.7049700385568264,0.5994888628129764,0.5966059165750721
0,680.0,0.8412469289224627,0.5313205903352121,0.8412469289224627,0.7580094633255912,0.6523528280924479,0.6659806435919982
0,685.0,0.8144354294012757,0.5175528513470975,0.8144354294012757,0.7227361504524974,0.6289181832515528,0.6300028515730909
0,690.0,0.8154558681053183,0.5130267350598456,0.8154558681053183,0.7205699565539968,0.6286681092405975,0.6161036272834531
0,695.0,0.8271667602704292,0.5321991902053239,0.8271667602704292,0.7245368633094581,0.6192417073715947,0.6056984146472841
0,700.0,0.8589028743169261,0.6302713470644477,0.8589028743169261,0.7557732725426674,0.639132012740111,0.6240525149479522
0,705.0,0.875979324410462,0.6614097085872217,0.875979324410462,0.7579369115324833,0.6223149694785094,0.622792493198618
0,710.0,0.8602503614614757,0.6602535757841101,0.8602503614614757,0.7295297164084957,0.5883010071235922,0.5716203469919798
0,715.0,0.8862607419614589,0.7205123169522558,0.8862607419614589,0.7593711443431578,0.6028489136610071,0.5948942815438524
0,720.0,0.8768081559725377,0.701342362859559,0.8768081559725377,0.7315237430705765,0.5624343540508618,0.5770499729094567
0,725.0,0.886397254967585,0.7343717493536889,0.886397254967585,0.7368713253215357,0.5529805416733993,0.5801881301688565
0,730.0,0.8991091159985186,0.7616045914491649,0.8991091159985186,0.7430336367750747,0.5630591534628439,0.5860117935361653
0,735.0,0.8575398022077005,0.7078265523319147,0.8575398022077005,0.6976021063848059,0.5421872027080522,0.5601645417130533
0,740.0,0.815717052943237,0.5872240512327096,0.815717052943237,0.653954852630221,0.5036818056451794,0.5252453951180346
0,745.0,0.7676667742178978,0.5255053334436405,0.7676667742178978,0.610246140348534,0.48286646641253866,0.5059961529944621
0,750.0,0.7464448021192043,0.45968646149118203,0.7464448021192043,0.598345199764479,0.4812339850115493,0.4958506385586863
0,755.0,0.717521319199106,0.41680613567866176,0.717521319199106,0.5878510463959452,0.5053950938718927,0.49336737532443425
0,760.0,0.7107196447502548,0.4038852008451286,0.7107196447502548,0.5941646973303166,0.49410070575913234,0.4904822042933299
0,765.0,0.7498247917341544,0.44338723508044475,0.7498247917341544,0.6238246114675606,0.5187924390823705,0.513450282423183
0,770.0,0.7878339371592029,0.5166668887881868,0.7878339371592029,0.6492030222601138,0.5300562944270797,0.5308165511101439
0,775.0,0.7903246347307757,0.5312129670194222,0.7903246347307757,0.6494543059886329,0.5247544284319537,0.5210159236289623
0,780.0,0.8159511671371523,0.6039987756879956,0.8159511671371523,0.6819249735758575,0.5550993960110235,0.541708975508026
0,785.0,0.7944388197697513,0.5504421310044038,0.7944388197697513,0.6553688909765261,0.5252731861637279,0.526740160661771
0,790.0,0.795108782634006,0.5472225804936224,0.795108782634006,0.6628346159889109,0.5589665390549008,0.550316960630903
0,795.0,0.7882254957101875,0.5271853569242613,0.7882254957101875,0.6625359232372597,0.5736307830204459,0.5658525464799056
0,800.0,0.765587426494645,0.45837583354052724,0.765587426494645,0.6431410343202985,0.5693746044019838,0.5593802480244785
0,805.0,0.7606234701010898,0.4585643033377119,0.7606234701010898,0.642256061275318,0.573222620226832,0.5594765898625715
0,810.0,0.7378338444106295,0.44453624457501045,0.7378338444106295,0.6129327071248677,0.5488451267974198,0.5434953657003053
0,815.0,0.7257933559070423,0.43009434154074827,0.7257933559070423,0.5934868487212166,0.5317212326633427,0.522704977071379
0,820.0,0.6914184103152599,0.414479837733625,0.6914184103152599,0.5556806538763459,0.48297113476772735,0.4748871533311215
0,825.0,0.6725161480635585,0.3921355490721241,0.6725161480635585,0.5448194106380915,0.47878249118445537,0.448637209080025
0,830.0,0.6789132058498156,0.3844979943570871,0.6789132058498156,0.5695816390613813,0.49117204907344264,0.4482051192633098
0,835.0,0.6895116459170758,0.3944335686942655,0.6895116459170758,0.5870679519157567,0.5093840510229856,0.4728349567902139
0,840.0,0.7291806137365912,0.4099237229820614,0.7291806137365912,0.6124274472572381,0.5223733078048084,0.4878031681559355
0,845.0,0.779745156964796,0.4879671053148829,0.779745156964796,0.6604287465950494,0.5604426957448531,0.5278777187142698
0,850.0,0.8102702900972016,0.5411205204172139,0.8102702900972016,0.6739193907208885,0.5794686826336541,0.5574011407296331
0,855.0,0.8063956159827026,0.5287756445819302,0.8063956159827026,0.6646730483451165,0.5622939018410199,0.5567918013484016
0,860.0,0.8059906747353371,0.49421505785732517,0.8059906747353371,0.6533990840718298,0.5572362717086631,0.5614101685060653
0,865.0,0.8318478403362014,0.5247587492552848,0.8318478403362014,0.6691730019022151,0.567110763994625,0.5764902805885581
0,870.0,0.8320938014340997,0.5336235944853819,0.8320938014340997,0.6821915608426974,0.5528423260983443,0.5687053744635115
0,875.0,0.8140265825205715,0.5206507880152125,0.8140265825205715,0.646843943204723,0.5117920367933866,0.5306576064983041
0,880.0,0.779481949385501,0.49292240721908664,0.779481949385501,0.6309282424039492,0.4962745614219917,0.5237515166762109
0,885.0,0.7889680585022594,0.4864764411689651,0.7889680585022594,0.6635087790492395,0.5370566944267402,0.5497844418951549
0,890.0,0.7653100034730638,0.5083456563663938,0.7653100034730638,0.6470375966376661,0.525863386309339,0.53769505904082
0,895.0,0.7599942492462576,0.491171034575954,0.7599942492462576,0.6537091163432174,0.5371112036012236,0.5408473572238653
0,900.0,0.7453755632031509,0.477885109244728,0.7453755632031509,0.6361072069896827,0.546384901448186,0.5276829339622191
0,905.0,0.7506387867158512,0.4499421665259056,0.7506387867158512,0.684031598429035,0.6050187896513617,0.574589740540423
0,910.0,0.7831728655210188,0.46727005649104625,0.7831728655210188,0.7106676027191531,0.6240333002012419,0.6077035091813615
0,915.0,0.7783368455918162,0.4777870615826432,0.7783368455918162,0.7043768761304882,0.6089183610358267,0.5987187551215176
0,920.0,0.8212767479138031,0.556348056102155,0.8212767479138031,0.7337159872176267,0.6263759072525023,0.6188858748983332
0,925.0,0.7808421515812877,0.5037356491771007,0.7808421515812877,0.6912388728068828,0.5822157390812737,0.5761747200950185
0,930.0,0.7442713360208303,0.4659091329552891,0.7442713360208303,0.6608966834509715,0.5577415288562931,0.5653204731771425
0,935.0,0.7502567718572842,0.5026161567985771,0.7502567718572842,0.6394479054394541,0.5342664265080148,0.5396099449863961
0,940.0,0.7434262502399936,0.49694510410578646,0.7434262502399936,0.6332485736938528,0.5204115659043305,0.5148192438396512
0,945.0,0.7156117671764505,0.47348581067898515,0.7156117671764505,0.5871577083662916,0.49170732574641635,0.49129937475046026
0,950.0,0.7255488937555945,0.47496718734717436,0.7255488937555945,0.5986634041357596,0.497040162207895,0.5050714012795686
0,955.0,0.7699450018569497,0.5307827550415778,0.7699450018569497,0.6344665015995908,0.5154329850215664,0.5186461930344707
0,960.0,0.8160113671897662,0.5885435887645861,0.8160113671897662,0.6788512905820863,0.5531618290425113,0.5503603510700557
0,965.0,0.8269072648873929,0.6031873450985775,0.8269072648873929,0.6925582833061603,0.5633827766938516,0.5659497100498991
0,970.0,0.8226820195759442,0.5996875903310835,0.8226820195759442,0.6684703908463345,0.5555790380901784,0.5500222939619669
0,975.0,0.8621228073352818,0.6547539620774021,0.8621228073352818,0.7229903862305983,0.5990508624888538,0.5965870855380122
0,980.0,0.8568787858028781,0.6449290920085201,0.8568787858028781,0.712004386125236,0.5959609770831341,0.5836131109401965
0,985.0,0.8635134419794703,0.6233066093317603,0.8635134419794703,0.7491551633252163,0.6565695884417491,0.6438051686941112
0,990.0,0.8290989233725916,0.5644028270347419,0.8290989233725916,0.7112096751141674,0.621451834915485,0.6224952039911941
0,995.0,0.8201484248763385,0.546719739607054,0.8201484248763385,0.7173706547561626,0.6292207460281277,0.6216432020856721
0,1000.0,0.832245794073479,0.5503729361857866,0.832245794073479,0.7480223008569808,0.6573227148373069,0.650680073328516
0,1005.0,0.82925116057935,0.542586515354487,0.82925116057935,0.7482736475040205,0.6599336054589817,0.6380103294447813
0,1010.0,0.8359392150733862,0.5670886802213321,0.8359392150733862,0.7552840330001646,0.6524897909697882,0.6241713428281549
0,1015.0,0.8335598485570831,0.5813631401115812,0.8335598485570831,0.7523447951333794,0.6471276067047018,0.6307537512708903
0,1020.0,0.8791011835240136,0.7000488831032676,0.8791011835240136,0.8105511448436971,0.7117819843830085,0.6930486430494246
0,1025.0,0.8795420215751081,0.6970471548031832,0.8795420215751081,0.7838329382351323,0.6731289013706719,0.667291945386842
0,1030.0,0.8889587420082109,0.7166145052199399,0.8889587420082109,0.802418559250048,0.6880499498520783,0.7013008237373901
0,1035.0,0.8842329155193025,0.7010062881085045,0.8842329155193025,0.7887343972582009,0.6755348209143578,0.6891522853471702
0,1040.0,0.8880937130342356,0.6871947839543935,0.8880937130342356,0.7931945406249182,0.6769647554742277,0.7092141989775749
0,1045.0,0.8745857200090689,0.6731753404256725,0.8745857200090689,0.7481582335426211,0.6218851660763132,0.6590075551826009
0,1050.0,0.8461508430685882,0.605986473399182,0.8461508430685882,0.7137869924959952,0.590406939609676,0.6276679096714476
0,1055.0,0.8363549081872116,0.5943099968080907,0.8363549081872116,0.7093749756703246,0.5972394832482373,0.6225692221797055
0,1060.0,0.8243854699773756,0.5741251229472878,0.8243854699773756,0.6832485704786295,0.571626213195841,0.581252811424784
0,1065.0,0.8083126523960136,0.5503152210390867,0.8083126523960136,0.6793538821081803,0.569628715573347,0.5804515972429688
0,1070.0,0.756142737874192,0.4637674768538444,0.756142737874192,0.6264489953334287,0.5356121979967181,0.5244505858932014
0,1075.0,0.7520786625743591,0.440204045053728,0.7520786625743591,0.6352493901621009,0.5534730159014816,0.5403792450415105
0,1080.0,0.7504604280466257,0.45289557949190934,0.7504604280466257,0.6212504846330845,0.5436519179794774,0.5181913275383563
0,1085.0,0.7842920069648559,0.4710641714593582,0.7842920069648559,0.6707313924564711,0.5961638634073513,0.5826018736439095
0,1090.0,0.7609618069598775,0.4587136299712985,0.7609618069598775,0.6514972471466283,0.5854824080350054,0.5728594916652805
0,1095.0,0.7714688585610286,0.4774288781497905,0.7714688585610286,0.6439823455840007,0.563059569989753,0.5530464999550604
0,1100.0,0.8111724002782027,0.5416806231111534,0.8111724002782027,0.7076708112916493,0.6327074101902624,0.6426943966506811
0,1105.0,0.783998498551309,0.4063178363504225,0.783998498551309,0.7010728550992985,0.6507571590977197,0.6752348037091712
0,1110.0,0.747887524773957,0.33599249976541357,0.747887524773957,0.6851736564546398,0.648145192877792,0.6933839318882062
0,1115.0,0.6747502771877087,0.3200374380891482,0.6747502771877087,0.6259443831847804,0.6166026319262986,0.6696258907892594
0,1120.0,0.6503839065357978,0.29405481526735106,0.6503839065357978,0.6438356281436752,0.6541652737598227,0.7195075473105678
0,1125.0,0.598509740425752,0.2850013819217849,0.598509740425752,0.6356005592803541,0.6770302569617974,0.7480566364585537
0,1130.0,0.5267784566634993,0.2716344034318861,0.5267784566634993,0.5834882235051351,0.6556211687758376,0.7284197307680835
0,1135.0,0.5011829888654318,0.23635825463073676,0.5011829888654318,0.5690585021705719,0.6486421808392736,0.7220878365489265
0,1140.0,0.4887258496771113,0.2313870580521657,0.4887258496771113,0.5674555993527033,0.650390488744766,0.7216106542006775
0,1145.0,0.45118493173871804,0.2285914136395286,0.45118493173871804,0.539196461232569,0.6330690594438575,0.7090727760799114
0,1150.0,0.424980122265755,0.22823777588544705,0.424980122265755,0.5169889661975242,0.6129278527563771,0.6939579237702979
0,1155.0,0.38966295643980053,0.2282680844190932,0.38966295643980053,0.48816583104119965,0.5832706498247946,0.6606213539113777
0,1160.0,0.3848620648676894,0.2279738145162732,0.3848620648676894,0.4846815731180969,0.5755370792935282,0.6520043217929039
0,1165.0,0.384148861634447,0.22811318967831157,0.384148861634447,0.4854855446179364,0.5763938613339008,0.649703838632944
0,1170.0,0.4029124533064495,0.22692713759538202,0.4029124533064495,0.49098935229478274,0.5778429455869266,0.6466110247529453
0,1175.0,0.40777438833556306,0.22629490187893053,0.40777438833556306,0.5035658475777418,0.5956592870409961,0.6654338476396671
1,1180.0,0.4008909771997335,0.22639649383737787,0.4008909771997335,0.4928971700417631,0.5800318595279865,0.646676359103311
1,1185.0,0.4032900342237292,0.22763212893049886,0.4032900342237292,0.49941454762729776,0.5869146108291838,0.650340851428812
1,1190.0,0.3974152589422114,0.22763652434455423,0.3974152589422114,0.4946537528246036,0.5782804245083306,0.6417987182714755
1,1195.0,0.4040069642422212,0.22852022783389053,0.4040069642422212,0.5020538800397943,0.5905503047349386,0.6602736934857001
1,1200.0,0.3810327909508898,0.22826230584559087,0.3810327909508898,0.4935351217590562,0.5824143407069456,0.6497980991814856
1,1205.0,0.37844979678665824,0.22839690292291723,0.37844979678665824,0.48675873944267334,0.5718627244120896,0.6373833487023663
1,1210.0,0.399463704156167,0.23010838594927174,0.399463704156167,0.508054795348991,0.5941039953810243,0.6629804239102972
1,1215.0,0.4026168242195045,0.22983947227370707,0.4026168242195045,0.4946769008186671,0.5822964858881026,0.6535134739038605
1,1220.0,0.4090633832048681,0.2312588427612289,0.4090633832048681,0.4988726258068085,0.581347190325927,0.6521212499283526
0,1225.0,0.4085087086111932,0.2299637327871602,0.4085087086111932,0.4941443610740302,0.5747726221571056,0.64328886747559
0,1230.0,0.4094401655291139,0.23070727124679452,0.4094401655291139,0.48911119717148843,0.567367122667412,0.6422957365138499
0,1235.0,0.40813421517846465,0.2296642601758054,0.40813421517846465,0.48555655319114066,0.5630803004414384,0.6361826775469628
0,1240.0,0.4033403687058316,0.22944462089711246,0.4033403687058316,0.47895195517908346,0.5558533059102421,0.628427013586141
0,1245.0,0.4007115139258542,0.22812347522973775,0.4007115139258542,0.478162974690971,0.5576195242510904,0.6318330476435378
0,1250.0,0.39011372131443434,0.22202112686149267,0.39011372131443434,0.46583162737526645,0.5500531354007426,0.6248169959149714
0,1255.0,0.3823384671203884,0.22189101425558375,0.3823384671203884,0.45889732882738504,0.5416842593838591,0.6152456554554995
0,1260.0,0.364918566736537,0.21474905369927028,0.364918566736537,0.43634657071706473,0.5129267272275099,0.5813265787197921
0,1265.0,0.3622280397552409,0.21930624541049945,0.3622280397552409,0.4245601262780416,0.49691660286757744,0.5628927174994017
0,1270.0,0.3430050049952606,0.21935203263677805,0.3430050049952606,0.4048736151095532,0.4788911720574351,0.5395544171046095
0,1275.0,0.32767668341121137,0.21952831906676504,0.32767668341121137,0.3954037153248404,0.46457226031514354,0.5199854850833892
0,1280.0,0.3328691206672066,0.21940182942511965,0.3328691206672066,0.4005619440378908,0.466252203922016,0.5178097030187152
0,1285.0,0.3404475630067125,0.21914773878991897,0.3404475630067125,0.4067959216236095,0.4733382273101594,0.5271714302427294
0,1290.0,0.35075988360812616,0.21639166545537256,0.35075988360812616,0.4195822916334338,0.4922950027758943,0.5473476054068901
0,1295.0,0.34289155613400696,0.2193355009159012,0.34289155613400696,0.4103921813349798,0.47735398978737614,0.5291315550571296
0,1300.0,0.354915053038364,0.21497875391232302,0.354915053038364,0.41612881971597837,0.47876001942685775,0.5322466538401469
0,1305.0,0.34922644982028783,0.08219189094077879,0.34922644982028783,0.4026295049600536,0.4618276984114005,0.5130851284509098
0,1310.0,0.3385799166405654,0.21853175329417196,0.3385799166405654,0.38772194580606706,0.4406996720203237,0.4858756594098779
0,1315.0,0.3183399510494306,0.20351033851643757,0.3183399510494306,0.3630253198531011,0.40717570589012353,0.4444795462251722
0,1320.0,0.31889307983542425,0.20496032652335688,0.31889307983542425,0.3669634561220609,0.414641756914038,0.4583075413931259
0,1325.0,0.3218901880048225,0.199994720936399,0.3218901880048225,0.3767961682766728,0.4281650130143413,0.4757443202504977
0,1330.0,0.31639331215013516,0.20917517500785568,0.31639331215013516,0.3854196048879806,0.4418653685100918,0.48508626902558116
0,1335.0,0.3252886032867832,0.20907902569160447,0.3252886032867832,0.4057147305035867,0.47100509840402455,0.5200302523384716
0,1340.0,0.33989714651256503,0.20482872133363186,0.33989714651256503,0.4288961709015256,0.5019493995754627,0.5515474229480198
0,1345.0,0.34350717357805594,0.21678253979703982,0.34350717357805594,0.43244530818044163,0.5092585776163215,0.5612343004796303
0,1350.0,0.3442935283784216,0.21936090796833643,0.3442935283784216,0.43501284834518344,0.508339329557255,0.5608694437730624
0,1355.0,0.35165899844132953,0.22097155415829214,0.35165899844132953,0.4508726256819674,0.5270578747340472,0.5844215375545554
0,1360.0,0.34543601276523683,0.22096159734832066,0.34543601276523683,0.43958161067063034,0.5146688194026212,0.5744500221375812
0,1365.0,0.3401413566102773,0.220872448157303,0.3401413566102773,0.42912545691273596,0.5023668257374546,0.5632705930925249
0,1370.0,0.3372089994709934,0.22064198711180208,0.3372089994709934,0.4281920576397734,0.500371759022227,0.5640723319923565
0,1375.0,0.33703281933712154,0.22134051183207362,0.33703281933712154,0.4270147776774271,0.49976469859376704,0.5636405846260919
0,1380.0,0.3319645609946083,0.2215557035484794,0.3319645609946083,0.4198569757344769,0.49140167202289964,0.5537294188291504
0,1385.0,0.3239040789153729,0.21970178233889961,0.3239040789153729,0.4006732084176318,0.46633196394534754,0.5227565207491527
0,1390.0,0.323755268346151,0.22036518932616256,0.323755268346151,0.40404684225665916,0.470026559009644,0.5279540815164292
0,1395.0,0.32130086921078077,0.22054563126004403,0.32130086921078077,0.400176368781853,0.4636890516337651,0.5244738443699674
0,1400.0,0.31435535335383663,0.2203386637737688,0.31435535335383663,0.3893177032375105,0.4512460699966027,0.5088783892325202
0,1405.0,0.3259600528028625,0.22072967112181818,0.3259600528028625,0.40769475117254156,0.4763580871377931,0.5409523515802559
0,1410.0,0.3318081426472868,0.22065774355361079,0.3318081426472868,0.4174854022785462,0.4838709337774781,0.5432173600463818
0,1415.0,0.33651831000070465,0.22044414886956804,0.33651831000070465,0.42943780428505823,0.5019784356627272,0.5604648445204795
0,1420.0,0.33795075855014994,0.21982011992170764,0.33795075855014994,0.42911116577454866,0.5004324516561657,0.5566500284862733
0,1425.0,0.33714022074366096,0.21989947004669055,0.33714022074366096,0.429580836822693,0.5033997057927649,0.562274410320742
0,1430.0,0.33697191285296735,0.21876114293322022,0.33697191285296735,0.4292813078174467,0.502892417132455,0.561574312580261
0,1435.0,0.32772780069626445,0.2193936736558981,0.32772780069626445,0.4112278941009811,0.47887471232520246,0.5287030337225473
0,1440.0,0.3152221722756459,0.21925800844128235,0.3152221722756459,0.3902878707748257,0.4581666362941209,0.5107725831916939
0,1445.0,0.30468053090378766,0.19188164014560607,0.30468053090378766,0.3723188415081419,0.4338800526957245,0.4880466486209128
0,1450.0,0.2992571044746373,0.19673681670725043,0.2992571044746373,0.3627592962463315,0.42028124876976275,0.47094237344625395
0,1455.0,0.28866176340567673,0.2182544998194618,0.28866176340567673,0.34106310329598033,0.3899142153978928,0.4318117854580266
0,1460.0,0.28198395040614566,0.20975898078908317,0.28198395040614566,0.3318846248201086,0.3785436603516943,0.41743699909049775
0,1465.0,0.27442566122722667,0.21286563375416956,0.27442566122722667,0.32021567714530946,0.36281563568960257,0.3990547761627137
0,1470.0,0.27256531834244596,0.18132739422536973,0.27256531834244596,0.31713242238488354,0.3579842162851897,0.3945100347094614
0,1475.0,0.26402110999094563,0.2165766255097106,0.26402110999094563,0.30289280435774185,0.33858019509888837,0.36776712813090456
0,1480.0,0.2633171261984871,0.21823428954241963,0.2633171261984871,0.3033751705668593,0.3373141506429697,0.3686231335198415
0,1485.0,0.26690083303932566,0.21823051655291736,0.26690083303932566,0.3120879172658678,0.34986271693119153,0.38217646185212956
0,1490.0,0.27185444611304216,0.2180778446700943,0.27185444611304216,0.31884771317041166,0.35762653054613597,0.3915501755865123
0,1495.0,0.27530100651102524,0.21819428732550145,0.27530100651102524,0.3231495491628045,0.36367747420449686,0.39783337792273643
0,1500.0,0.27851782982521855,0.1887106537690483,0.27851782982521855,0.32683648368746837,0.3697346061285042,0.40515277775379177
0,1505.0,0.2846479913661807,0.21398588446889977,0.2846479913661807,0.3385090341103569,0.386215685650368,0.4266711802787677
0,1510.0,0.28594785670742195,0.2167625943695238,0.28594785670742195,0.3406035373336672,0.38602767961437057,0.42002502424244365
0,1515.0,0.28040061172426867,0.20268032589562499,0.28040061172426867,0.3316146524773273,0.37356862068164465,0.4060442951817075
0,1520.0,0.273134119147243,0.19478801333874504,0.273134119147243,0.31755831517092853,0.35521063492372973,0.3836069974837722
0,1525.0,0.2670318148321992,0.20410100509722412,0.2670318148321992,0.30808151964198194,0.34119958823618185,0.36528814714378444
0,1530.0,0.26311489426198265,0.21419751368371423,0.26311489426198265,0.29950996843256594,0.33085913798398287,0.3532083431199415
0,1535.0,0.2558277050169818,0.2176396061715119,0.2558277050169818,0.2875786339686911,0.3138918480866417,0.33318655823647536
0,1540.0,0.2470403381704136,0.2180456960413402,0.2470403381704136,0.27158795912353323,0.2951736293293708,0.31622210501885917
0,1545.0,0.25167476759455976,0.21601828482259708,0.25167476759455976,0.2785950521961621,0.30337408827043555,0.32485571043505224
0,1550.0,0.2520116886194435,0.21544893925709477,0.2520116886194435,0.2788801404873652,0.3036535562255132,0.3268202476834584
0,1555.0,0.2513501266581697,0.2179408661595968,0.2513501266581697,0.2782882917715746,0.30306544274130826,0.3245848923800877
0,1560.0,0.25191876932815827,0.21805875723277388,0.25191876932815827,0.2787910695423089,0.30359281714968606,0.32504799110261756
0,1565.0,0.25117006431605077,0.2161821773381634,0.25117006431605077,0.2784963262296416,0.3032175477372685,0.324782534445519
0,1570.0,0.25261436982086444,0.21488138374643476,0.25261436982086444,0.28268343623694225,0.3089755766156514,0.33315956162618604
0,1575.0,0.25232031646597497,0.21639738264489627,0.25232031646597497,0.28375585939169895,0.31061740703082297,0.3342865245785066
0,1580.0,0.2539161445661743,0.21765749089876804,0.2539161445661743,0.28416338174040656,0.310555863232689,0.3356660958043705
0,1585.0,0.2534799882878258,0.2181401043127152,0.2534799882878258,0.2842954551570142,0.31043599823167717,0.33629872512632103
0,1590.0,0.2568155965033842,0.21784656644821557,0.2568155965033842,0.28939808718009025,0.31669433751340503,0.34484288574752126
0,1595.0,0.25443973294411,0.21669699558478517,0.25443973294411,0.2841580156975159,0.3099512620884647,0.3365451330514071
0,1600.0,0.2548547059921329,0.2178095275545541,0.2548547059921329,0.2844074292981699,0.3110582001107625,0.33637604651096104
0,1605.0,0.25185979166287337,0.21804588300652952,0.25185979166287337,0.27937505010517766,0.3033297416801936,0.32775913913000576
0,1610.0,0.2507129472377921,0.21796348531892723,0.2507129472377921,0.2780353218282673,0.3025344277215627,0.32578855573090365
0,1615.0,0.2511666888915648,0.2181537606803905,0.2511666888915648,0.2779955108546642,0.30036520065661537,0.31945758225853205
0,1620.0,0.2509303801188443,0.21620512816882867,0.2509303801188443,0.27825490596453073,0.3027787864175836,0.3260092207685346
0,1625.0,0.2540277213810945,0.21721509333543457,0.2540277213810945,0.2837077303852081,0.310124964555818,0.33421385562695416
0,1630.0,0.249073092387489,0.21814621690274377,0.249073092387489,0.27650673087470307,0.3010799685075758,0.3236582167030454
0,1635.0,0.25436988621994694,0.21721351014278412,0.25436988621994694,0.2834257294898399,0.3099573779910567,0.3338624586997713
0,1640.0,0.25145162431792284,0.21397446315764954,0.25145162431792284,0.2788034034799693,0.30335752642499836,0.3258925281120529
0,1645.0,0.247003489950308,0.2181339084063506,0.247003489950308,0.27183301900091594,0.2921986117449744,0.3095143295161033
0,1650.0,0.24797848294079225,0.21333098277329823,0.24797848294079225,0.27283748164021565,0.29559776060782506,0.3154018156619481
0,1655.0,0.2455137725632354,0.21767996789945163,0.2455137725632354,0.2702217041528843,0.2930661120760654,0.31267285486743057
0,1660.0,0.249073092387489,0.21672198930527584,0.249073092387489,0.27609333216689624,0.3006977257474834,0.32195780229067233
0,1665.0,0.2424538057949642,0.2163987357944723,0.2424538057949642,0.2703529265646335,0.2946902231192832,0.3166301890903862
0,1670.0,0.24835848255268125,0.2181559329940942,0.24835848255268125,0.27556868994412437,0.30039861000821066,0.32274033001806035
0,1675.0,0.25468948308387773,0.21592342919578472,0.25468948308387773,0.28375585939169895,0.31029287254873167,0.3342865245785066
0,1680.0,0.25198756713004544,0.21779402743688087,0.25198756713004544,0.27883492202750904,0.30360309664891577,0.3258860655461715
0,1685.0,0.2515406460238458,0.2171813520467351,0.2515406460238458,0.2770884053244137,0.2995678085022608,0.31879923426618545
0,1690.0,0.2533505565172958,0.2172981597713703,0.2533505565172958,0.28188012874434043,0.305133651051785,0.32656107264715284
0,1695.0,0.2497115655105243,0.21800026327490388,0.2497115655105243,0.278320760550368,0.30196322540055304,0.32461600416823266
0,1700.0,0.2538650960618288,0.21753788696270981,0.2538650960618288,0.2833725194421139,0.30896549172349924,0.33297204878983344
0,1705.0,0.2542455854507935,0.21645774247911892,0.2542455854507935,0.28132923474801713,0.304901812901157,0.32615609850006794
0,1710.0,0.2560030632710936,0.2157683021251508,0.2560030632710936,0.2884832525856455,0.3143694168065762,0.33735644772010137
0,1715.0,0.2556721538657573,0.21261985038884687,0.2556721538657573,0.2876252291596178,0.3158066945830139,0.3407066607581081
0,1720.0,0.24623723224535587,0.20508545782567716,0.24623723224535587,0.27482689612079153,0.2996187208729818,0.32058419474996697
0,1725.0,0.2520097544006855,0.2127956317492972,0.2520097544006855,0.28140302588770255,0.3085475230901756,0.33090203743128116
0,1730.0,0.2520883202671954,0.2121270861219841,0.2520883202671954,0.2815978750306183,0.3087882279545601,0.331106868944171
0,1735.0,0.2440063313005743,0.21640478327461965,0.2440063313005743,0.2714533513654109,0.2959729029156817,0.3176920391663966
0,1740.0,0.24817487902968244,0.20427525584092904,0.24817487902968244,0.27508258695432347,0.2998965095837079,0.32138776190262436
0,1745.0,0.24691829606589916,0.21813720043348162,0.24691829606589916,0.27371952752513673,0.2986216195534824,0.32000412129470257
0,1750.0,0.2572176363313382,0.2126119295446701,0.2572176363313382,0.2882439251259875,0.3157560841434734,0.3411289632487126
0,1755.0,0.259643940123656,0.21422539531927126,0.259643940123656,0.29270432881569947,0.3219610972310913,0.34886027179602
0,1760.0,0.257974499335169,0.21749661018534286,0.257974499335169,0.2912041447804079,0.3204237127087815,0.34727127137061475
0,1765.0,0.26248382324964614,0.21281534555794301,0.26248382324964614,0.29809426388192567,0.32880719713472617,0.3574430768971125
0,1770.0,0.2622084767754265,0.21601952237684144,0.2622084767754265,0.29783434421022237,0.3284662003242532,0.35807066490317896
0,1775.0,0.2592465506855655,0.217786311114117,0.2592465506855655,0.2933994756349268,0.32229753523231164,0.35050804425213383
0,1780.0,0.25310433915176545,0.2181402918872462,0.25310433915176545,0.28375585939169895,0.30912976887971133,0.3342865245785066
0,1785.0,0.2502407415516408,0.2179385345706479,0.2502407415516408,0.27887328949369805,0.3024269188057017,0.3259663926163031
0,1790.0,0.24975430843534296,0.2155391646857089,0.24975430843534296,0.27700598015703626,0.3006454876536555,0.3238154479120494
0,1795.0,0.24844118474167598,0.20936478975759304,0.24844118474167598,0.27303127072937394,0.2951233217213254,0.3164022831954504
0,1800.0,0.24621225033597038,0.2180320368538144,0.24621225033597038,0.26859920638161616,0.28880534239317734,0.3075901174732771
0,1805.0,0.2483313098192394,0.21208946651653643,0.2483313098192394,0.2729565006880332,0.29572302019935687,0.31552595567284825
0,1810.0,0.2518428118539521,0.21804971284604763,0.2518428118539521,0.2787325930015359,0.3034895248427885,0.3249982600667387
0,1815.0,0.2520116886194435,0.21764055897208903,0.2520116886194435,0.27887328949369805,0.3036072749046674,0.3250824169896764
0,1820.0,0.2430452438587634,0.21812236915335426,0.2430452438587634,0.2675939328122461,0.2902551779412915,0.30993013469302305
0,1825.0,0.25180616909556197,0.21541576285085134,0.25180616909556197,0.27863892353877356,0.30337408827043555,0.324782534445519
0,1830.0,0.249073092387489,0.2180727082796683,0.249073092387489,0.27650673087470307,0.2999439116357865,0.31946797751576833
0,1835.0,0.2491364558116375,0.21240956886301351,0.2491364558116375,0.2737596381672906,0.295847948615526,0.3163635842181745
0,1840.0,0.24861603763410733,0.2150313381596996,0.24861603763410733,0.2735397470144704,0.29550379864704973,0.31613426099091085
0,1845.0,0.24101031399351958,0.2171543599575635,0.24101031399351958,0.2641685990978626,0.2840542373618368,0.3032423247690274
0,1850.0,0.24918485799352733,0.21617576819566106,0.24918485799352733,0.27700598015703626,0.30037677595449175,0.32295442138103825
0,1855.0,0.2473398292918504,0.2125409596061416,0.2473398292918504,0.2760211783026187,0.2991577228489024,0.3218793034870492
0,1860.0,0.24632193371983274,0.20125329993292512,0.24632193371983274,0.2751659430081391,0.2985841223936861,0.3223331610718895
0,1865.0,0.2240448795621109,0.20534016793376303,0.2240448795621109,0.2481728283676798,0.26749794832300006,0.28772786957821944
0,1870.0,0.2293619729544781,0.18180650064233683,0.2293619729544781,0.25159653607457577,0.2709001833033703,0.29090494869745837
0,1875.0,0.2278118935666378,0.2088395742541015,0.2278118935666378,0.25282025783047246,0.2741150623092815,0.29653785161575164
0,1880.0,0.2369707755018388,0.20428334232656004,0.2369707755018388,0.25722436411822297,0.27519972966889894,0.29397517054168676
0,1885.0,0.23727583838756056,0.2135656366111906,0.23727583838756056,0.25794985518532204,0.2755156405293835,0.2944870300562471
0,1890.0,0.24342464008028097,0.215927614302634,0.24342464008028097,0.26371331438114676,0.2812969843038214,0.3001398098605671
0,1895.0,0.24366913177632757,0.2152402361821671,0.24366913177632757,0.2663941770939074,0.285811608909595,0.3069636476863903
0,1900.0,0.2481754784606805,0.20883922364029503,0.2481754784606805,0.2729571285791637,0.2933113535350502,0.31267814344908684
0,1905.0,0.24340966205756961,0.21081815155989933,0.24340966205756961,0.2680126030374078,0.2896060701699522,0.31238784456454005
0,1910.0,0.24996143102614174,0.21643457278841977,0.24996143102614174,0.2768411471748118,0.29779775746079146,0.31969874412151134
0,1915.0,0.2523269032700474,0.21627696664728552,0.2523269032700474,0.2786791352268916,0.3026216988333438,0.32655242936983
0,1920.0,0.25772809713122274,0.21626222921516136,0.25772809713122274,0.28857532956961884,0.3162694208373941,0.3443745314799547
0,1925.0,0.2567329391689243,0.21596748145986744,0.2567329391689243,0.2876236329209205,0.3152026781530963,0.3423481179971505
0,1930.0,0.2573934376833431,0.21209360989239348,0.2573934376833431,0.2883545044228364,0.31596402369224313,0.3431639359789065
0,1935.0,0.254057936843356,0.2177265076369392,0.254057936843356,0.2847731169312746,0.31225367517599756,0.33836353030514144
0,1940.0,0.25305300269073844,0.21531971102976688,0.25305300269073844,0.2822054146906164,0.30798415595004375,0.33278242412231296
0,1945.0,0.2466606852641992,0.21806150694689425,0.2466606852641992,0.27158795912353323,0.29320686640169236,0.3140983793755433
0,1950.0,0.24834964556147981,0.2180836575753274,0.24834964556147981,0.2736945468277285,0.29555708653896023,0.3162957017129504
0,1955.0,0.2483014771690099,0.21814266580328115,0.2483014771690099,0.2736576728006662,0.2955068865382867,0.3162572461712195
0,1960.0,0.24586502506030197,0.2181398927899099,0.24586502506030197,0.26850484354523646,0.28856705055139037,0.30741852930559593
0,1965.0,0.24710234380467458,0.21611694574146043,0.24710234380467458,0.2720633280075645,0.29405876705148354,0.31622046537910004
0,1970.0,0.24885333435021467,0.21726216796429684,0.24885333435021467,0.27374370757607036,0.2957511056641247,0.3179798080974446
0,1975.0,0.2482872040938909,0.21798447057607365,0.2482872040938909,0.27367087495428577,0.29549201138950665,0.31789718807483647
0,1980.0,0.24494381897221565,0.21807780447440753,0.24494381897221565,0.2678728384081766,0.2877380219534909,0.3082572256046805
0,1985.0,0.2482559802135606,0.21776042021265385,0.2482559802135606,0.27364355973247134,0.2954594702886102,0.3178753652531504
0,1990.0,0.24781225325017825,0.2151629084728415,0.24781225325017825,0.2727535568302486,0.2946660359545792,0.31694045185376285
0,1995.0,0.2443539462513515,0.2168648289650637,0.2443539462513515,0.26710754513356216,0.2872118466142121,0.30617915476731256
0,2000.0,0.24541819861230657,0.21754242115960878,0.24541819861230657,0.26771651885410397,0.28783066295577947,0.3065199135356742
0,2005.0,0.24294637315018716,0.21741242043258951,0.24294637315018716,0.2655758385167808,0.285811608909595,0.30465601439980516
0,2010.0,0.24801779737368196,0.21802789815592594,0.24801779737368196,0.27283748164021565,0.2948802794694122,0.31620015733220097
0,2015.0,0.24714476794900353,0.21814458402387102,0.24714476794900353,0.2736285356654035,0.29526323049965975,0.3170252008560611
0,2020.0,0.24978967999628496,0.21351562436154126,0.24978967999628496,0.2788787702968631,0.30227934670516204,0.3259663926163031
0,2025.0,0.2501795441080973,0.21774275050986125,0.2501795441080973,0.2778705641312867,0.301729685362684,0.3259013332982332
0,2030.0,0.2540280733306618,0.21806399217676992,0.2540280733306618,0.28349865382146955,0.3091365803134471,0.3357427472032673
0,2035.0,0.2538531506616901,0.21450654028499302,0.2538531506616901,0.2835633127731359,0.30905638852333367,0.335750236211689
0,2040.0,0.25152667812751345,0.21676921213837186,0.25152667812751345,0.27884360066539615,0.3027021781513688,0.3272485123084998
0,2045.0,0.24834636508667252,0.21704838492925263,0.24834636508667252,0.2733771508064954,0.295355442612992,0.31792136882279504
0,2050.0,0.2438926845794246,0.20749822824089328,0.2438926845794246,0.26653375822621655,0.2867551813603081,0.3079945048394968
0,2055.0,0.24266510672192407,0.21679687024089891,0.24266510672192407,0.26307861439836333,0.2808054104109224,0.2998582362194862
0,2060.0,0.23964455258518597,0.21809965014409677,0.23964455258518597,0.2575624490365158,0.273404424514331,0.29008662869276364
0,2065.0,0.23480059812686513,0.2178776785896164,0.23480059812686513,0.25246048955245354,0.26811739767160014,0.28444462891041894
0,2070.0,0.23748723327089033,0.21604396811678653,0.23748723327089033,0.25543719262167497,0.2713565971422029,0.28736623852982257
0,2075.0,0.23755093313140027,0.218117784130449,0.23755093313140027,0.2575361762803269,0.27618182512506406,0.2931558140797394
0,2080.0,0.24525547639544715,0.2007088630332245,0.24525547639544715,0.2679096384518606,0.28857017306703076,0.30696142455245423
0,2085.0,0.24225912716779388,0.21602703496560183,0.24225912716779388,0.26579633867389446,0.28632872481449767,0.30442680569173897
0,2090.0,0.24487153691351732,0.21686014797656558,0.24487153691351732,0.2712608542724554,0.29377197534497285,0.3137571148852473
0,2095.0,0.24722325765959832,0.2116256479639025,0.24722325765959832,0.27374370757607036,0.29617447197812524,0.31720799711064623
0,2100.0,0.23817270565018228,0.21795421610297647,0.23817270565018228,0.2631143064962737,0.2838326964711913,0.3029765737914229
0,2105.0,0.2440866367854704,0.21552746790566482,0.2440866367854704,0.2681417286515333,0.2880081275393898,0.30798106532620606
0,2110.0,0.24064775405696812,0.21809153258707184,0.24064775405696812,0.26211036478441513,0.2799599410598848,0.2978442450428269
0,2115.0,0.23759472547090357,0.21479729986046847,0.23759472547090357,0.25591693371146185,0.27168046876702323,0.28634324322145227
0,2120.0,0.2426473232917306,0.21775121885809914,0.2426473232917306,0.26306097870183576,0.2810760264046438,0.2989107600219193
0,2125.0,0.2459727714864494,0.21813225453880195,0.2459727714864494,0.2686069178717634,0.2894236875874937,0.3075500547096454
0,2130.0,0.2477211373759097,0.2163578323890476,0.2477211373759097,0.27523996075704504,0.29933535003153633,0.3211862858834921
0,2135.0,0.2547283824733517,0.2054843227576347,0.2547283824733517,0.2840607206727735,0.31139692229504146,0.3349014501575853
0,2140.0,0.2541213569505756,0.2173951931481384,0.2541213569505756,0.2837529948154239,0.310903990188396,0.3345272805898225
0,2145.0,0.2548323999475574,0.20970573555050587,0.2548323999475574,0.2842739021269179,0.31164433388686047,0.3351254535237059
0,2150.0,0.2513284310005834,0.2170683158409828,0.2513284310005834,0.27828283985836366,0.3037499287349623,0.3236179024477033
0,2155.0,0.25136818918874176,0.2124677755730544,0.25136818918874176,0.27841330317668306,0.3030909135115474,0.32591648253118655
0,2160.0,0.2438309693572098,0.21609349749329698,0.2438309693572098,0.26627850995779156,0.2870648772281867,0.3049481661396752
0,2165.0,0.24290374470370465,0.20979604631457924,0.24290374470370465,0.2630424378825563,0.28114518096188645,0.29809322371646196
0,2170.0,0.23597720066365957,0.2179813484968754,0.23597720066365957,0.2538463094045489,0.27002963766665666,0.28511274905382145
0,2175.0,0.24305044359607464,0.21183104104597655,0.24305044359607464,0.26317672889612703,0.2812969843038214,0.2982322492479425
0,2180.0,0.24258863315812024,0.21583025619606,0.24258863315812024,0.2630026404330811,0.281015293465186,0.29805202270659203
0,2185.0,0.23995611014559512,0.2171079884120765,0.23995611014559512,0.2578436362880009,0.27387312913369766,0.2889697864648706
0,2190.0,0.24113974071218705,0.2164405851625812,0.24113974071218705,0.26120817906492566,0.2793195715956853,0.2961940478234985
0,2195.0,0.24252193085221616,0.21813896714204933,0.24252193085221616,0.2629361529307776,0.28094626891824026,0.2979831898648483
0,2200.0,0.24569233453212788,0.21647004195813835,0.24569233453212788,0.26862460844818586,0.28864872809883474,0.30760519899417443
0,2205.0,0.2420998460664401,0.21090212392242977,0.2420998460664401,0.26324001748714687,0.28111226849197785,0.2982977682628608
0,2210.0,0.2442992875989002,0.21743029294662145,0.2442992875989002,0.2665952699171873,0.2866316536129526,0.3052917665427669
0,2215.0,0.24238840095567118,0.2179527601763607,0.24238840095567118,0.2648643040069008,0.2851075176273675,0.30394237095794047
0,2220.0,0.2432364007991174,0.21813377867172437,0.2432364007991174,0.2655004878557905,0.28572313111458464,0.305345720690074
0,2225.0,0.2306480874058806,0.21630283647149295,0.2306480874058806,0.25061170887935996,0.26856443930136803,0.28588475696457355
0,2230.0,0.2485366759053073,0.2040305514088627,0.2485366759053073,0.27335985505446025,0.2948858664634595,0.317024557160943
0,2235.0,0.24219522395093634,0.2068986675642552,0.24219522395093634,0.26676711938341513,0.2883497230063937,0.31016618632504067
0,2240.0,0.24898481661117305,0.20667690235379482,0.24898481661117305,0.2741219416471525,0.2956014360617586,0.31773576162604766
0,2245.0,0.241467851285373,0.21300561324368883,0.241467851285373,0.26441849643933024,0.284049296608234,0.30458313722759833
0,2250.0,0.24218339547820433,0.21344782024452025,0.24218339547820433,0.26506528576422683,0.2844993646139906,0.30465659473081036
0,2255.0,0.24903031356662236,0.2168496545088956,0.24903031356662236,0.274313520214906,0.29530608903766103,0.31707126695284077
0,2260.0,0.24408121816182507,0.21661408092689,0.24408121816182507,0.2664649042168879,0.2858692124585238,0.3024101846817658
0,2265.0,0.24626278234775645,0.2178864710983715,0.24626278234775645,0.2689806659944889,0.28858462390085754,0.3074864182244429
0,2270.0,0.24501402948940462,0.2166396682396033,0.24501402948940462,0.2677879856131414,0.2874177513813781,0.3063795771340103
0,2275.0,0.24996143102614174,0.21815152815524272,0.24996143102614174,0.277412055918989,0.29989570936336035,0.3219047409237633
0,2280.0,0.2512530676010214,0.21551911556547573,0.2512530676010214,0.2791538183660132,0.3025048241636321,0.32566796097668377
0,2285.0,0.25212511450196534,0.2150203808518159,0.25212511450196534,0.2794576638466946,0.3028441439245172,0.32595922115244724
0,2290.0,0.2517534883989856,0.21467180447395565,0.2517534883989856,0.27930416723087814,0.30386357273563025,0.32717280527205295
0,2295.0,0.2544328444891557,0.21576612316883576,0.2544328444891557,0.28389170412026143,0.31019639218404355,0.335088639312767
0,2300.0,0.25181719991076784,0.2075616283546522,0.25181719991076784,0.27943319937575595,0.30331835984167477,0.32670915978524606
0,2305.0,0.2504230588494841,0.2036186955488051,0.2504230588494841,0.27794786106436853,0.3021473730397839,0.3258723477443784
0,2310.0,0.252511867456172,0.21516009083789162,0.252511867456172,0.27948643871157686,0.3039757126113444,0.32642988475493934
0,2315.0,0.2521089136761543,0.21508749746108993,0.2521089136761543,0.27980764864458546,0.30359619279120786,0.3260592028224136
0,2320.0,0.2515186372285716,0.21730374730154217,0.2515186372285716,0.28005619711381946,0.3028385374218004,0.3250886324878803
0,2325.0,0.24982492884343524,0.21785053970177332,0.24982492884343524,0.27870948850990745,0.3021228542343374,0.3252166408239131
0,2330.0,0.2492697522327835,0.2147494568377432,0.2492697522327835,0.2769789456085318,0.30101615601337967,0.3240577036240978
0,2335.0,0.25048150975171757,0.21646485191865272,0.25048150975171757,0.27783969486412113,0.3018840748198752,0.324986251456076
0,2340.0,0.25174449547734806,0.21790555215000457,0.25174449547734806,0.27917804205170726,0.3031923002251844,0.3273139389796158
0,2345.0,0.25122102594078705,0.2179560087786385,0.25122102594078705,0.2784693556944258,0.30311093744208795,0.327972977674455
0,2350.0,0.24694778312095192,0.21805106926925957,0.24694778312095192,0.2729565006880332,0.295523319081249,0.31877352993908864
0,2355.0,0.2441142626543065,0.20520676547856206,0.2441142626543065,0.26828020010272774,0.28803403630657176,0.30887592081465326
0,2360.0,0.243821862345669,0.21814540049453726,0.243821862345669,0.2703019704728742,0.29191909132820437,0.31438945003281515
0,2365.0,0.24449373229955637,0.21795472294651952,0.24449373229955637,0.26972051998315744,0.2922515069657463,0.3137826819134375
0,2370.0,0.24518145627928573,0.21738353199743968,0.24518145627928573,0.26783512665468334,0.28868203454720875,0.30765482624938606
0,2375.0,0.2511844303275351,0.21810477146001617,0.2511844303275351,0.27280271875900547,0.28949955503530156,0.30853298696497566
0,2380.0,0.25045464061988465,0.2180765251394184,0.25045464061988465,0.2720619145592378,0.28871515702363576,0.30777756923953065
0,2385.0,0.24906014621685185,0.21020451847201915,0.24906014621685185,0.2682467682479923,0.2813162220882715,0.29874302408335557
0,2390.0,0.24566272403854708,0.21687436884431846,0.24566272403854708,0.2654672312951777,0.2794649433941495,0.2971723632234018
0,2395.0,0.2410427722157847,0.21759642076907565,0.2410427722157847,0.25609859672216945,0.26532769909595977,0.27920124690463666
0,2400.0,0.24530034394936148,0.21808114957213268,0.24530034394936148,0.2621306401501889,0.2742669201045475,0.2899404764260081
0,2405.0,0.23995344814078173,0.21683161537760381,0.23995344814078173,0.2578436362880009,0.27387587404086994,0.28897536259828843
0,2410.0,0.23816380789413144,0.2180724932627154,0.23816380789413144,0.2561091730908754,0.27285943235628185,0.2873567936892494
0,2415.0,0.24192902480161052,0.19856726986264964,0.24192902480161052,0.26201791455957146,0.2815117149124639,0.297830840138537
0,2420.0,0.2415332128316983,0.2081421191082626,0.2415332128316983,0.2616656172713959,0.2810353093935335,0.29738374272271095
0,2425.0,0.24357207754388246,0.2144830190825793,0.24357207754388246,0.2634354707534917,0.2818535143502136,0.29787917339517134
0,2430.0,0.2429297490614635,0.21787479255032213,0.2429297490614635,0.2649470766644129,0.286788722131977,0.3032145742242873
0,2435.0,0.24653214483527153,0.2167151211893489,0.24653214483527153,0.2685198158664444,0.29059416743810806,0.3082352585777442
0,2440.0,0.24578261681111283,0.21792131841689374,0.24578261681111283,0.26771651885410397,0.28951927688814993,0.30731825520592715
0,2445.0,0.23368393782533947,0.211883719617386,0.23368393782533947,0.2515283168485596,0.2686074289767073,0.2827895360765581
0,2450.0,0.2430957775548859,0.20031688196392922,0.2430957775548859,0.2632305247525225,0.2821613797370444,0.29828794101915285
0,2455.0,0.23536283944135677,0.20506790236592637,0.23536283944135677,0.25331705574747376,0.27007005699529285,0.2845837620864829
0,2460.0,0.2300672897565927,0.21278254745545488,0.2300672897565927,0.24800447406615336,0.2641160565871255,0.27995258196675626
0,2465.0,0.23894077461460486,0.20781499454595315,0.23894077461460486,0.2616173480542458,0.28080013656246355,0.3008816390259523
0,2470.0,0.2409680948208807,0.20586423522094216,0.2409680948208807,0.2656675626721571,0.2867123031104713,0.30886287838824333
0,2475.0,0.2525824073367032,0.18097606705899477,0.2525824073367032,0.27942302147359716,0.30274601999877193,0.3266287410703517
0,2480.0,0.2456392465964274,0.20955941797286184,0.2456392465964274,0.27127308920604204,0.2921278155688612,0.3147147562756823
0,2485.0,0.25231800808745514,0.21794079510350606,0.25231800808745514,0.27947418537124796,0.30263115726720907,0.32676263930642085
0,2490.0,0.2485474278410063,0.2179234184443761,0.2485474278410063,0.27395314262263065,0.29503249912630175,0.31671222999078225
0,2495.0,0.24564945734910493,0.21628890834054107,0.24564945734910493,0.26830516591646053,0.28821688349449054,0.3073355399321106
0,2500.0,0.23849300795564415,0.21782854852891573,0.23849300795564415,0.2598863909305352,0.27757542683765435,0.29482518886664316
0,2505.0,0.2285693238852163,0.21797084126671518,0.2285693238852163,0.25019411777268485,0.2670245235283229,0.2843999529931674
0,2510.0,0.230497437912559,0.20197583266902083,0.230497437912559,0.2510253877843551,0.26825314113498766,0.28537263345021996
0,2515.0,0.24385542943815403,0.2069108699502602,0.24385542943815403,0.2678845013148408,0.28672038129216315,0.3068171880171741
0,2520.0,0.24264335813308205,0.21548664348121796,0.24264335813308205,0.2660812948028704,0.28502455563695284,0.3045715100109215
0,2525.0,0.2345046606257126,0.2158400610787337,0.2345046606257126,0.25415244731896747,0.26876181489765755,0.2835878888209994
0,2530.0,0.24576147378605337,0.21357143075700574,0.24576147378605337,0.26922361742043527,0.2882241452010548,0.30806172488559336
0,2535.0,0.24860639477012217,0.21468977399736738,0.24860639477012217,0.27380849104726823,0.2959829907450952,0.3165468059705171
0,2540.0,0.24905618239800117,0.21664926870932588,0.24905618239800117,0.2742093537491503,0.29643427121465604,0.3171567282439615
0,2545.0,0.2452189137160554,0.21291560579925162,0.2452189137160554,0.2679455270055486,0.2891635511986188,0.3069958770504758
0,2550.0,0.2455240235159761,0.21206819938554755,0.2455240235159761,0.2684544785175134,0.28950544663319955,0.30735770337777496
0,2555.0,0.2483313098192394,0.21760537557807766,0.2483313098192394,0.26905748467614926,0.290085225143172,0.3066087231264194
0,2560.0,0.25178992277454015,0.21656249054675042,0.25178992277454015,0.27244652236239175,0.2905535153628916,0.30760708414847315
0,2565.0,0.25173105162851295,0.2177606110284024,0.25173105162851295,0.27266954435993457,0.28981850337852316,0.3073789226664306
0,2570.0,0.25040426905896673,0.20838200561845802,0.25040426905896673,0.2716499452462365,0.28878715678043265,0.3063308979351973
0,2575.0,0.25467898971302416,0.2174724240772784,0.25467898971302416,0.27817878004452457,0.2962805382709171,0.3163621602164068
0,2580.0,0.2541636864887245,0.2161218431936808,0.2541636864887245,0.2775537818809768,0.29604533625876134,0.31581500496527526
0,2585.0,0.25204493277752577,0.21780078206868936,0.25204493277752577,0.27294771877067553,0.2893868457512831,0.3075901174732771
0,2590.0,0.24584703019337117,0.2181026247205294,0.24584703019337117,0.2686473380854204,0.28839313009530354,0.3072219905716316
0,2595.0,0.24566206084829093,0.2165009494568215,0.24566206084829093,0.26841386261882,0.2885701316746497,0.30742002879537206
0,2600.0,0.24452639991918143,0.21495192991490347,0.24452639991918143,0.2679467961241606,0.28862967120080557,0.3046065582943801
0,2605.0,0.2421631411511979,0.21751527485118927,0.2421631411511979,0.26297799643460834,0.28170617805251724,0.29808160705402864
0,2610.0,0.23627554150608907,0.21771925790069865,0.23627554150608907,0.2546998538374805,0.27149597562193145,0.2859791392665318
0,2615.0,0.2389853978935655,0.2107841192828528,0.2389853978935655,0.2572034659247269,0.27392541267962056,0.2882859028343315
0,2620.0,0.23512964583889728,0.21760611210354844,0.23512964583889728,0.2536735965691534,0.2703663876159187,0.2849402406381191
0,2625.0,0.23423129273653456,0.2129079556904129,0.23423129273653456,0.2498158533772212,0.26418398286449446,0.2765878702738275
0,2630.0,0.22734790680802433,0.21756177715567673,0.22734790680802433,0.24332748378266622,0.25697931072235647,0.26991530243268536
0,2635.0,0.2358146459349887,0.21802582413150798,0.2358146459349887,0.25143581763260076,0.26578087038030457,0.2782531321244764
0,2640.0,0.23998499620457178,0.2173868118201255,0.23998499620457178,0.2574650751135456,0.2738136348171703,0.28850114586261916
0,2645.0,0.2456041792085527,0.20942011991576634,0.2456041792085527,0.26932425570832524,0.2890892669246893,0.30755995290324667
0,2650.0,0.23973178969835093,0.2180277580223133,0.23973178969835093,0.26258791437048595,0.2819978494467403,0.30006094498815
0,2655.0,0.24632984946394149,0.18962448040491037,0.24632984946394149,0.26876819882561453,0.28866485686182575,0.3070293830892317
0,2660.0,0.2179927477764979,0.21760975058597096,0.2179927477764979,0.2343456152882325,0.24930454492600493,0.26457898297284843
0,2665.0,0.24353158440440767,0.19646318005321975,0.24353158440440767,0.26655295006855423,0.2864286830153286,0.30332114427867873
0,2670.0,0.22075706350461366,0.21546592016238933,0.22075706350461366,0.23815896089054642,0.2529409315367882,0.26804684957657793
0,2675.0,0.2321074454789868,0.2141563218375982,0.2321074454789868,0.2516348827885099,0.26857779463036924,0.2820574747407194
0,2680.0,0.2413648735536587,0.19989087732985267,0.2413648735536587,0.26085295849865775,0.2793230907390436,0.29657419122506345
0,2685.0,0.2422013389234463,0.21453938954520663,0.2422013389234463,0.2619568051838828,0.2807090170668322,0.2978147577151454
0,2690.0,0.24636699063102807,0.21367758363426845,0.24636699063102807,0.2690460033434199,0.28973005078037795,0.308558721828337
0,2695.0,0.23315872782309674,0.18626795054650902,0.23315872782309674,0.2528627382344677,0.2704557775655922,0.28787944037504315
0,2700.0,0.24662029762990495,0.18418504462261073,0.24662029762990495,0.26900418625265426,0.28917190546349925,0.30837223110419065
0,2705.0,0.23625658856219955,0.21396834417084798,0.23625658856219955,0.253859834620059,0.2704352120728948,0.28497802902647906
0,2710.0,0.2287476433051312,0.21778356530616624,0.2287476433051312,0.2469605755538925,0.26340212006389696,0.2776716277769382
0,2715.0,0.23687371646713337,0.2146847138738427,0.23687371646713337,0.2589682011815091,0.27772548701038613,0.2934701047358604
0,2720.0,0.22948070220201783,0.21707805815356862,0.22948070220201783,0.2497236147923991,0.26699262616946373,0.28109922296557266
0,2725.0,0.24316643461927334,0.19834120961098597,0.24316643461927334,0.2637458631505179,0.2834214007407814,0.2990348368096578
0,2730.0,0.23909201851588477,0.20965403635443758,0.23909201851588477,0.25947057596294065,0.27843023759998026,0.29534483776045367
0,2735.0,0.23810679619470568,0.21689226537943523,0.23810679619470568,0.25640888818647967,0.27280341043784934,0.2886889920803001
0,2740.0,0.23994723673723783,0.21489742684482052,0.23994723673723783,0.2550682302111481,0.2690019322275575,0.281462657525734
0,2745.0,0.23679956520473736,0.21771018907926784,0.23679956520473736,0.2523079528244156,0.2657237353037829,0.2796285722716309
0,2750.0,0.23678893497575704,0.21797895463802403,0.23678893497575704,0.2524870075845261,0.2656524546722057,0.2795083171230316
0,2755.0,0.2365780521923178,0.21788044020657385,0.2365780521923178,0.25209465150533017,0.26549611819346536,0.27939179087696575
0,2760.0,0.2367331223118513,0.20998833915309592,0.2367331223118513,0.2530151276394615,0.2658350088920177,0.2788419424904283
0,2765.0,0.23959860973050592,0.2167941038561025,0.23959860973050592,0.25750216605675913,0.27009806687976773,0.28676268690471673
0,2770.0,0.2419524613234461,0.20520357656173308,0.2419524613234461,0.2596333412916446,0.27321103474017683,0.28994403819334696
0,2775.0,0.2392237833446923,0.21303086374256558,0.2392237833446923,0.2536236671055206,0.2664598917556968,0.27987020756740455
0,2780.0,0.23546501341333162,0.19073813542597107,0.23546501341333162,0.2469486838518645,0.2585470125542498,0.2736610370226545
0,2785.0,0.25154717020682105,0.21423978350770118,0.25154717020682105,0.26040003268002787,0.2696773170187847,0.2849103821034578
0,2790.0,0.24653792171751782,0.2127390738784634,0.24653792171751782,0.25831396502979903,0.26864919563984074,0.2867386051440767
0,2795.0,0.2453481868067616,0.2100496904274917,0.2453481868067616,0.25839758802201745,0.2702717571168579,0.28709904433160627
0,2800.0,0.25090134612905696,0.21724591847435065,0.25090134612905696,0.26689642075328307,0.28056145388589676,0.2985990969770228
0,2805.0,0.2473282572013601,0.21401566646454662,0.2473282572013601,0.2673797947988702,0.2816470255273715,0.2996561971066939
0,2810.0,0.247900820068796,0.2172267517794088,0.247900820068796,0.2705205726605611,0.28693285013811315,0.30610609493857455
0,2815.0,0.23903366140120144,0.21010500990811803,0.23903366140120144,0.2604230934544662,0.2788476055113177,0.2952059603765303
0,2820.0,0.2419251214948647,0.21103921875454923,0.2419251214948647,0.2638414383600215,0.2815390329307428,0.297220171236
0,2825.0,0.23627554150608907,0.21808428375585354,0.23627554150608907,0.25540515368909317,0.27208239427013636,0.28599347271044556
0,2830.0,0.23605570215449198,0.21276855593196936,0.23605570215449198,0.25250833041032533,0.26615921301753304,0.2786540676662858
0,2835.0,0.2330344273117409,0.21778454679366563,0.2330344273117409,0.24892836040331567,0.26329734381093406,0.27533244867062406
0,2840.0,0.23905032159973752,0.21611164636075433,0.23905032159973752,0.2583898068465062,0.2743053517293363,0.28875226368151724
0,2845.0,0.29081973544808454,0.2097895691188591,0.29081973544808454,0.3029672202550957,0.3150001598531344,0.34024312125134665
0,2850.0,0.2991824283645228,0.20436236056979004,0.2991824283645228,0.3104379070201118,0.32745610737080916,0.356529478444388
0,2855.0,0.30647158039552513,0.2171517065131954,0.30647158039552513,0.3222504449895074,0.33951814250151147,0.3700457877626228
0,2860.0,0.30449733713489685,0.21385419479241796,0.30449733713489685,0.3196768686900407,0.3399538023621104,0.3720632498756487
0,2865.0,0.30692282607315113,0.17940928217977836,0.30692282607315113,0.3223369287841569,0.3418152863032147,0.3722690392110554
0,2870.0,0.30503415151847346,0.21788601663714263,0.30503415151847346,0.320277558347755,0.3402276995237312,0.3726123395380495
0,2875.0,0.24179134368499788,0.21070801880621456,0.24179134368499788,0.2647550441218293,0.284402242916109,0.3059845637740298
0,2880.0,0.24361950848335323,0.17016494111827357,0.24361950848335323,0.2641596730727832,0.28183365302512986,0.29887958420682853
0,2885.0,0.2386895255510918,0.21612286482884063,0.2386895255510918,0.257168401249067,0.27375591070686056,0.288340636440225
0,2890.0,0.2369183588673684,0.21788153356561032,0.2369183588673684,0.2551436640551189,0.27223066935082235,0.28670949634705334
0,2895.0,0.23949150031073788,0.21738779789000856,0.23949150031073788,0.26023684615256937,0.2790071128285173,0.29601714955438124
0,2900.0,0.23532686575687947,0.21479703763331648,0.23532686575687947,0.2521139649261408,0.26635672265230553,0.27941256609668697
0,2905.0,0.23166891477662738,0.21338893939775022,0.23166891477662738,0.24780357932985903,0.2616038676848292,0.2745937217281859
0,2910.0,0.23829479009778945,0.1306233024931024,0.23829479009778945,0.255866004494199,0.27219223144097615,0.2871658377945432
0,2915.0,0.2313234106321584,0.20316090106786294,0.2313234106321584,0.24603368344914742,0.260666256890722,0.2736608819025553
0,2920.0,0.24018474675583137,0.2180925597812884,0.24018474675583137,0.25753478303763105,0.27247572281496457,0.28509233829760955
0,2925.0,0.23089470518658414,0.21672403696392542,0.23089470518658414,0.24683237267703298,0.2608250690403997,0.27376753334102105
0,2930.0,0.23703187694096,0.21247716394990754,0.23703187694096,0.25630026476776446,0.2727819940057741,0.28779513476827373
0,2935.0,0.23386330444126918,0.21719220783715998,0.23386330444126918,0.2501764763666513,0.2647115648277952,0.2776380269861332
0,2940.0,0.23504154084978396,0.21367696887681129,0.23504154084978396,0.2529456654246497,0.2709603113198068,0.28559966705527434
0,2945.0,0.24210460232875075,0.2111984138563671,0.24210460232875075,0.26311482088200916,0.28260092175596935,0.29985566968068383
0,2950.0,0.23827605589288767,0.2181046265943399,0.23827605589288767,0.25703805003732233,0.2746699772336372,0.29000906600487336
0,2955.0,0.2432308593084049,0.21790819240368217,0.2432308593084049,0.2636588503692954,0.2826154338008659,0.2999555503068889
0,2960.0,0.2389152172323833,0.19701132538093177,0.2389152172323833,0.25917077910597724,0.27753523990430223,0.29470709097249576
0,2965.0,0.2500059181573731,0.2084621951128427,0.2500059181573731,0.2747630419800194,0.2972126201436703,0.31764742805616664
0,2970.0,0.24626278234775645,0.21602290601281646,0.24626278234775645,0.2696757550524665,0.2888646618551229,0.3080203322418845
0,2975.0,0.24617547881342736,0.21101230745263305,0.24617547881342736,0.26900795333858085,0.28875622705296505,0.30702716720811785
0,2980.0,0.24924992261501475,0.2138134761098528,0.24924992261501475,0.2756734481216356,0.29650491723603767,0.31714682917791276
0,2985.0,0.25263869427964797,0.21290469695141268,0.25263869427964797,0.28066952580034993,0.3039505688645152,0.3276456459650813
0,2990.0,0.25393977216844704,0.21784976733682312,0.25393977216844704,0.28417474477015947,0.30912093563758475,0.3344513889479523
0,2995.0,0.25252641734582837,0.2163173725724433,0.25252641734582837,0.28311925125419396,0.30838178323395804,0.3341257255044356
0,3000.0,0.25444528487821566,0.2167164733440579,0.25444528487821566,0.2844477625535009,0.3094724339569922,0.3353157504505854
0,3005.0,0.25171248604037705,0.18817232180288604,0.25171248604037705,0.27867052030922707,0.30237474563917305,0.3264145517738947
0,3010.0,0.2560683246556358,0.21405514544925655,0.2560683246556358,0.27979049254115307,0.30211823287527956,0.3233308873387981
0,3015.0,0.2463823032721636,0.21233187250127508,0.2463823032721636,0.26581237986287415,0.28454755229608536,0.30262199545459795
0,3020.0,0.25725383408823826,0.20544574325368953,0.25725383408823826,0.2797339956243387,0.30291666288289765,0.3248294907850537
0,3025.0,0.25748993596455605,0.2188890204070755,0.25748993596455605,0.2859377794841429,0.3112405687972851,0.33559106987733367
0,3030.0,0.2729102306842517,0.21731199744901677,0.2729102306842517,0.30904845573468814,0.3442938677409209,0.3762095281652472
0,3035.0,0.2727065436493733,0.2171265021735043,0.2727065436493733,0.30928357564946884,0.3441909504484385,0.3762289363695714
0,3040.0,0.27671621096661264,0.21874698900118286,0.27671621096661264,0.32161944346575283,0.36329536422667075,0.4020643607401412
0,3045.0,0.2874461695348681,0.21859735725701454,0.2874461695348681,0.33598911426034556,0.38172612815750007,0.42240700060170916
0,3050.0,0.28154825009891604,0.21290448235079268,0.28154825009891604,0.33087214695527056,0.37616320902444106,0.4174491947474613
0,3055.0,0.2752960549101738,0.215449579646648,0.2752960549101738,0.31979867846750976,0.36171106908396805,0.4002536799087801
0,3060.0,0.2900108461962486,0.21815401107110433,0.2900108461962486,0.3298969377893683,0.369114165493241,0.4095130233238001
0,3065.0,0.3014248034545062,0.21850581456128784,0.3014248034545062,0.35342903019755156,0.3976974770997515,0.444039360977769
0,3070.0,0.29657383485323074,0.21808415510653187,0.29657383485323074,0.3422993556531161,0.382419471056279,0.423234702289618
0,3075.0,0.29439395510782973,0.21842311955913457,0.29439395510782973,0.341736299668263,0.3806822858072597,0.42253663299782146
0,3080.0,0.2989128751229552,0.2174377147071555,0.2989128751229552,0.3497438268575002,0.39180676439700407,0.43320467541963636
0,3085.0,0.31430637196838024,0.21668822369321755,0.31430637196838024,0.3736564669378045,0.4226950449709589,0.47400144533667415
0,3090.0,0.3074345405212324,0.21517574611431833,0.3074345405212324,0.3733107371136338,0.42983992943105065,0.4820720907500561
0,3095.0,0.2951911322505636,0.20715668664609116,0.2951911322505636,0.35291482006409547,0.40581822413428864,0.45622046443359976
0,3100.0,0.29436025366332064,0.20314475053333794,0.29436025366332064,0.3487616490591343,0.39537344864733603,0.44388292155289905
0,3105.0,0.291671508499909,0.21845020573872934,0.291671508499909,0.34785982317631464,0.3952150666634311,0.44329261709011963
0,3110.0,0.29977290137980744,0.2158188040264191,0.29977290137980744,0.3588595588462033,0.4107747618414588,0.45926565073934816
0,3115.0,0.2826158592790138,0.21811337743764864,0.2826158592790138,0.3323696350355305,0.37345636061632587,0.41393139499646553
0,3120.0,0.27451820049141595,0.2174675866563821,0.27451820049141595,0.31871633346725137,0.3579177914841842,0.39521319967507884
0,3125.0,0.2744405953504679,0.20676722998646624,0.2744405953504679,0.3138870327882984,0.3450740852883231,0.38020350876640036
0,3130.0,0.2767553830833519,0.20739369988989056,0.2767553830833519,0.3175936924787521,0.35183120024389386,0.38655683908150507
0,3135.0,0.2791882819340822,0.21355836938311287,0.2791882819340822,0.32138289318253843,0.35513571286932694,0.38977722234786344
0,3140.0,0.27293861830641125,0.20504441363320153,0.27293861830641125,0.31291273771970163,0.34555733685177037,0.3802415383723971
0,3145.0,0.272992579478913,0.21834721736677848,0.272992579478913,0.3119612415815596,0.3455203296553768,0.37658198607769866
0,3150.0,0.2769562416992657,0.21338143525665706,0.2769562416992657,0.32205576016582305,0.3621705119378309,0.4010628820947295
0,3155.0,0.277516275978101,0.21725655782425787,0.277516275978101,0.32489479321116055,0.36917685221048496,0.4070546039553402
0,3160.0,0.2756561273692557,0.21852908067688284,0.2756561273692557,0.3211589768298205,0.3643233168456615,0.401854150864492
0,3165.0,0.27934170443935114,0.2180276628813737,0.27934170443935114,0.32656130435024566,0.36864693725911635,0.40396812927295717
0,3170.0,0.28190917610805083,0.2183172941763196,0.28190917610805083,0.32949458804294424,0.3735772794252373,0.41345253149196876
0,3175.0,0.2869306384420488,0.21535123503422357,0.2869306384420488,0.3377547041157438,0.3859146993113649,0.42966448578048766
0,3180.0,0.2821641768540391,0.2143154934227122,0.2821641768540391,0.32967746559687133,0.3737507410731744,0.41463955663740987
0,3185.0,0.28797391538769657,0.2185889183494182,0.28797391538769657,0.33798394804403215,0.3838054631868806,0.4258653357441418
0,3190.0,0.29540973930780473,0.2165277538713363,0.29540973930780473,0.3500807009139333,0.40275424318637587,0.44954250833712234
0,3195.0,0.2853586202891673,0.21121107152105653,0.2853586202891673,0.33261450143208876,0.38077911780831003,0.42233119464229485
0,3200.0,0.2793421344308096,0.2172673253468727,0.2793421344308096,0.3271841209507695,0.37298902899259034,0.41213843896902014
0,3205.0,0.2742697082162791,0.20590362075371269,0.2742697082162791,0.3168612564999503,0.35765194985797716,0.39202117140928794
0,3210.0,0.26538021107633264,0.21717544242550724,0.26538021107633264,0.3053844800586672,0.34150334010815414,0.3719802976073608
0,3215.0,0.26939645458240424,0.21698854321131195,0.26939645458240424,0.3149095658239513,0.35565395810963873,0.38973753369515435
0,3220.0,0.2697253053306129,0.21418214554663184,0.2697253053306129,0.314185385087677,0.3525483167508025,0.38501201944397934
0,3225.0,0.27656193447045646,0.21830036741623587,0.27656193447045646,0.3271248694866793,0.3708057623123608,0.4053056623524856
0,3230.0,0.28410764893550694,0.21297435104714918,0.28410764893550694,0.3364235013023228,0.38260926447516985,0.42125402837145415
0,3235.0,0.2887853796148632,0.21351068746883844,0.2887853796148632,0.3445514923046047,0.3927181350611824,0.43320522405261597
0,3240.0,0.29332253012370824,0.21850831802542273,0.29332253012370824,0.3501414669814927,0.3998671709996788,0.44183227487466237
0,3245.0,0.2823274642641303,0.2177186808611871,0.2823274642641303,0.33224615986182926,0.37470326164558604,0.4130626676499118
0,3250.0,0.28041526463487093,0.2105183992783918,0.28041526463487093,0.3310551694080244,0.3751225675690975,0.4089089198576313
0,3255.0,0.27387946272989616,0.21699706577166786,0.27387946272989616,0.3170387290919306,0.35623546887635943,0.39102748344918997
0,3260.0,0.2638264484299885,0.21637169056886926,0.2638264484299885,0.30096770238350395,0.3321107616720943,0.359202834799919
0,3265.0,0.262727839130229,0.21651884826370324,0.262727839130229,0.2995327920958434,0.3319626248853023,0.36229293072816804
0,3270.0,0.26019390499670264,0.21693433122592276,0.26019390499670264,0.29476524623844297,0.3250831946797954,0.352831695880577
0,3275.0,0.26358472932311927,0.2181566361640012,0.26358472932311927,0.30051501894549676,0.33251806794462097,0.3619225945108909
0,3280.0,0.25484623318324073,0.21802171428570652,0.25484623318324073,0.2863840733869146,0.3125092007878607,0.33818539323072067
0,3285.0,0.25174712927313536,0.21815795834493543,0.25174712927313536,0.2812639176825658,0.3054351258487055,0.3295678239145271
0,3290.0,0.2579918459131636,0.211621060969067,0.2579918459131636,0.29083734542735296,0.3192869223953717,0.3461384914765957
0,3295.0,0.24920608526875823,0.2162322806697558,0.24920608526875823,0.2767184351671125,0.3017082123912668,0.32420758020000856
0,3300.0,0.2521991480498179,0.20904714066457647,0.2521991480498179,0.2804648579019642,0.30543645085423343,0.3281038505439995
0,3305.0,0.2527714479921843,0.21323479360698774,0.2527714479921843,0.2796710362492905,0.305183925338828,0.32955406827263595
0,3310.0,0.2620334658564134,0.21794540692669728,0.2620334658564134,0.29396972573711094,0.3259366734937871,0.3550332135076334
0,3315.0,0.2752779235789788,0.21598118267019503,0.2752779235789788,0.3072706002948122,0.34059553820782934,0.3670757345841979
0,3320.0,0.2797649818034727,0.2170123887510927,0.2797649818034727,0.3159947812342652,0.3518585057283997,0.3800016794902296
0,3325.0,0.278756080313008,0.19862007481193947,0.278756080313008,0.318573945814162,0.3579650252694207,0.389255637370539
0,3330.0,0.2856124870418718,0.18470131628518513,0.2856124870418718,0.3253356271000515,0.36499928359550005,0.396394022667903
0,3335.0,0.28458442705485826,0.21546900810291186,0.28458442705485826,0.3209419946544412,0.3582786645408651,0.38581240158847335
0,3340.0,0.2761390059162921,0.2092239674604573,0.2761390059162921,0.3112720820113205,0.3446850496224747,0.37137195021669467
0,3345.0,0.27077505288545034,0.2139426206518341,0.27077505288545034,0.30788412884014,0.3415865029553235,0.37366807021737175
0,3350.0,0.2590167776229521,0.21758345205549942,0.2590167776229521,0.287872403415711,0.3154609249818373,0.3434732681142142
0,3355.0,0.25497069575748277,0.2173230585257713,0.25497069575748277,0.2786376676128837,0.30166096839025497,0.32694926544626096
0,3360.0,0.2580666930729082,0.21797139250461273,0.2580666930729082,0.28471074301997223,0.3092866191927011,0.33657584871381896
0,3365.0,0.25313616794003413,0.21698873700918891,0.25313616794003413,0.27442450328535084,0.2956181717787476,0.3196399663585273
0,3370.0,0.24951599426272356,0.2179005883186492,0.24951599426272356,0.26923383511507504,0.2869532331317204,0.3079300492575488
0,3375.0,0.24946163096245133,0.21125391270216082,0.24946163096245133,0.2748470616193631,0.29652963662996257,0.3179665167383599
0,3380.0,0.2549193128920454,0.21766534213960512,0.2549193128920454,0.28481727394515094,0.31000720128034354,0.334850756891159
0,3385.0,0.25928300702699997,0.20649773780423783,0.25928300702699997,0.28495665550516736,0.31018981351520114,0.33595084572990025
0,3390.0,0.26644787368587886,0.21794492925612913,0.26644787368587886,0.2997675495698987,0.32882296925794785,0.36075544336292537
0,3395.0,0.27041057149946157,0.2160180124202641,0.27041057149946157,0.30471122676185947,0.33513791823018435,0.36864963036918985
0,3400.0,0.28117957468165183,0.21254546372568886,0.28117957468165183,0.3149236047556142,0.3481392954568987,0.38439511619531447
0,3405.0,0.2794258076574472,0.21652435530294736,0.2794258076574472,0.31016451760083324,0.3416630882894741,0.3769590078997531
0,3410.0,0.27194662684511045,0.20667018180990732,0.27194662684511045,0.30077825773606026,0.3317669248414398,0.3643115973400111
0,3415.0,0.26865414538999116,0.21566064735894802,0.26865414538999116,0.2992983804683573,0.3257409883427019,0.35431182658135196
0,3420.0,0.25746878784449995,0.21813038736828314,0.25746878784449995,0.28032802298185666,0.3043489143095732,0.3258700669685279
0,3425.0,0.254074363033758,0.2179961536250287,0.254074363033758,0.27497579828332847,0.29676819368229074,0.317381853977145
0,3430.0,0.24294020146576378,0.21727037146917277,0.24294020146576378,0.2640674322833419,0.2826113466216257,0.29882844198827413
0,3435.0,0.23155874651729103,0.21805915072072493,0.23155874651729103,0.24704550943231948,0.2615924587140779,0.2739999587707807
0,3440.0,0.22911996128899675,0.2041509472504798,0.22911996128899675,0.24266285677060373,0.25460942195026787,0.26555042468064
0,3445.0,0.22771984666378367,0.21729977166354708,0.22771984666378367,0.2431689738772966,0.25764498493452553,0.2704185494761202
0,3450.0,0.23399454534029354,0.21686319669502097,0.23399454534029354,0.25020877564257543,0.26418611951831555,0.27729147755220807
0,3455.0,0.24083168927708049,0.21707120628806262,0.24083168927708049,0.2611730207223967,0.28030920663288617,0.29746384939177695
0,3460.0,0.24163754738820847,0.21809064868151545,0.24163754738820847,0.26272513678980786,0.2805490260009008,0.29839708208978905
0,3465.0,0.24535979797721155,0.21802165802050522,0.24535979797721155,0.2697928945240822,0.2889949961643366,0.3088847798169981
0,3470.0,0.24540832710617208,0.21813635714244065,0.24540832710617208,0.2695352911408531,0.28862919759413297,0.30809508684970266
0,3475.0,0.24346172987247866,0.21768079617407537,0.24346172987247866,0.26771704076944514,0.28697244702831,0.3065490976423386
0,3480.0,0.24236847527605998,0.21814327396339728,0.24236847527605998,0.2668439950585846,0.28684357918466064,0.3062306419665577
0,3485.0,0.24073989340853805,0.21257204230904486,0.24073989340853805,0.2630660756927845,0.28182806148273115,0.2988659645374041
0,3490.0,0.24175755686840283,0.2180253214567228,0.24175755686840283,0.2662191877712022,0.2861220221610298,0.30670149014662296
0,3495.0,0.24525461932594075,0.21774348849737274,0.24525461932594075,0.26952084831684353,0.28972585332723355,0.3105912946353393
0,3500.0,0.24483985170682893,0.21792328833002933,0.24483985170682893,0.26820762452013036,0.2884267401104447,0.3093939510447156
0,3505.0,0.2368333709975038,0.2181201907094535,0.2368333709975038,0.2555796926200787,0.2734518259718581,0.2920599820348363
0,3510.0,0.24308672587463967,0.21548963356914508,0.24308672587463967,0.26393082164266624,0.28143559935155354,0.30027033642973483
0,3515.0,0.2433215132949423,0.21757486218678707,0.2433215132949423,0.2643522001979247,0.2817729329779961,0.3003313194300048
0,3520.0,0.24078699657609967,0.2161264870458336,0.24078699657609967,0.25663556411874167,0.2653702950598332,0.2788596223248768
0,3525.0,0.24113244531950523,0.2164017208112792,0.24113244531950523,0.25690648644927805,0.2663164847348469,0.2794377109784368
0,3530.0,0.23970191923362189,0.21432895999975565,0.23970191923362189,0.2551239815605696,0.2633336222752179,0.27723756421068113
0,3535.0,0.23090358668140684,0.21808285775873817,0.23090358668140684,0.24593402164290482,0.253697980693585,0.2672396844551257
0,3540.0,0.2451564648075419,0.20733844710435853,0.2451564648075419,0.2628402874963557,0.27312238526294075,0.28918693295051084
0,3545.0,0.2257511517847396,0.21577191306541268,0.2257511517847396,0.23850669802868457,0.24455065675380452,0.25556687247425
0,3550.0,0.24063614071165604,0.20646826274748953,0.24063614071165604,0.2586065704567131,0.2735527000539262,0.2896147083814211
0,3555.0,0.23456974304739367,0.2178398043469932,0.23456974304739367,0.25277933690224125,0.26749179423310404,0.28306435624873066
0,3560.0,0.24356438804911681,0.21354275323461863,0.24356438804911681,0.25849121619978377,0.2734245635192473,0.2894882777470393
0,3565.0,0.23681811962027427,0.21803709087439838,0.23681811962027427,0.24876545424116106,0.2619234372925064,0.2755932191602209
0,3570.0,0.24021403631933796,0.21805544443462752,0.24021403631933796,0.25196960752431824,0.2662919038638772,0.280233836295229
